{
  "main": {
    "ky": {
      "identity": {
        "version": {
          "_number": "$Revision: 12293 $",
          "_cldrVersion": "29"
        },
        "language": "ky"
      },
      "dates": {
        "timeZoneNames": {
          "hourFormat": "+HH:mm;-HH:mm",
          "gmtFormat": "GMT{0}",
          "gmtZeroFormat": "GMT",
          "regionFormat": "{0} убактысы",
          "regionFormat-type-daylight": "{0} (+1)",
          "regionFormat-type-standard": "{0} (+0)",
          "fallbackFormat": "{1} ({0})",
          "zone": {
            "America": {
              "Adak": {
                "exemplarCity": "Адак"
              },
              "Anchorage": {
                "exemplarCity": "Анкориж"
              },
              "Anguilla": {
                "exemplarCity": "Ангуила"
              },
              "Antigua": {
                "exemplarCity": "Антигуа"
              },
              "Araguaina": {
                "exemplarCity": "Арагуаина"
              },
              "Argentina": {
                "Rio_Gallegos": {
                  "exemplarCity": "Рио Галлегос"
                },
                "San_Juan": {
                  "exemplarCity": "Сан Хуан"
                },
                "Ushuaia": {
                  "exemplarCity": "Ушуайа"
                },
                "La_Rioja": {
                  "exemplarCity": "Ла-Риоха"
                },
                "San_Luis": {
                  "exemplarCity": "Сан Луи"
                },
                "Salta": {
                  "exemplarCity": "Салта"
                },
                "Tucuman": {
                  "exemplarCity": "Тукуман"
                }
              },
              "Aruba": {
                "exemplarCity": "Аруба"
              },
              "Asuncion": {
                "exemplarCity": "Асунсион"
              },
              "Bahia": {
                "exemplarCity": "Байиа"
              },
              "Bahia_Banderas": {
                "exemplarCity": "Баийа Бандерас"
              },
              "Barbados": {
                "exemplarCity": "Барбадос"
              },
              "Belem": {
                "exemplarCity": "Белем"
              },
              "Belize": {
                "exemplarCity": "Белиз"
              },
              "Blanc-Sablon": {
                "exemplarCity": "Бланк-Саблон"
              },
              "Boa_Vista": {
                "exemplarCity": "Боа Виста"
              },
              "Bogota": {
                "exemplarCity": "Богота"
              },
              "Boise": {
                "exemplarCity": "Бойсе"
              },
              "Buenos_Aires": {
                "exemplarCity": "Буэнос-Айрес"
              },
              "Cambridge_Bay": {
                "exemplarCity": "Кэмбриж Бей"
              },
              "Campo_Grande": {
                "exemplarCity": "Кампо Гранде"
              },
              "Cancun": {
                "exemplarCity": "Канкун"
              },
              "Caracas": {
                "exemplarCity": "Каракас"
              },
              "Catamarca": {
                "exemplarCity": "Катамарка"
              },
              "Cayenne": {
                "exemplarCity": "Кайен"
              },
              "Cayman": {
                "exemplarCity": "Кайман"
              },
              "Chicago": {
                "exemplarCity": "Чикаго"
              },
              "Chihuahua": {
                "exemplarCity": "Чихуахуа"
              },
              "Coral_Harbour": {
                "exemplarCity": "Атикокан"
              },
              "Cordoba": {
                "exemplarCity": "Кордова"
              },
              "Costa_Rica": {
                "exemplarCity": "Коста-Рика"
              },
              "Creston": {
                "exemplarCity": "Крестон"
              },
              "Cuiaba": {
                "exemplarCity": "Куйаба"
              },
              "Curacao": {
                "exemplarCity": "Кюрасао"
              },
              "Danmarkshavn": {
                "exemplarCity": "Данмарксхавн"
              },
              "Dawson": {
                "exemplarCity": "Доусон"
              },
              "Dawson_Creek": {
                "exemplarCity": "Доусон Грек"
              },
              "Denver": {
                "exemplarCity": "Денвер"
              },
              "Detroit": {
                "exemplarCity": "Детройт"
              },
              "Dominica": {
                "exemplarCity": "Доминика"
              },
              "Edmonton": {
                "exemplarCity": "Эдмонтон"
              },
              "Eirunepe": {
                "exemplarCity": "Эйрунепе"
              },
              "El_Salvador": {
                "exemplarCity": "Эл Салвадор"
              },
              "Fort_Nelson": {
                "exemplarCity": "Fort Nelson"
              },
              "Fortaleza": {
                "exemplarCity": "Форталеза"
              },
              "Glace_Bay": {
                "exemplarCity": "Глейс Бей"
              },
              "Godthab": {
                "exemplarCity": "Нуук"
              },
              "Goose_Bay": {
                "exemplarCity": "Гус Бей"
              },
              "Grand_Turk": {
                "exemplarCity": "Гранд Түрк"
              },
              "Grenada": {
                "exemplarCity": "Гренада"
              },
              "Guadeloupe": {
                "exemplarCity": "Гваделупе"
              },
              "Guatemala": {
                "exemplarCity": "Гватемала"
              },
              "Guayaquil": {
                "exemplarCity": "Гуайакил"
              },
              "Guyana": {
                "exemplarCity": "Гуйана"
              },
              "Halifax": {
                "exemplarCity": "Галифакс"
              },
              "Havana": {
                "exemplarCity": "Гавана"
              },
              "Hermosillo": {
                "exemplarCity": "Эрмосилло"
              },
              "Indiana": {
                "Vincennes": {
                  "exemplarCity": "Винсен, Индиана"
                },
                "Petersburg": {
                  "exemplarCity": "Питерсбург, Индиана"
                },
                "Tell_City": {
                  "exemplarCity": "Телл Сити, Индиана"
                },
                "Knox": {
                  "exemplarCity": "Нокс, Индиана"
                },
                "Winamac": {
                  "exemplarCity": "Уинамак, Индиана"
                },
                "Marengo": {
                  "exemplarCity": "Маренго, Индиана"
                },
                "Vevay": {
                  "exemplarCity": "Вивей, Индиана"
                }
              },
              "Indianapolis": {
                "exemplarCity": "Индианаполис"
              },
              "Inuvik": {
                "exemplarCity": "Инувик"
              },
              "Iqaluit": {
                "exemplarCity": "Икалуит"
              },
              "Jamaica": {
                "exemplarCity": "Ямайка"
              },
              "Jujuy": {
                "exemplarCity": "Жужуй"
              },
              "Juneau": {
                "exemplarCity": "Жуно"
              },
              "Kentucky": {
                "Monticello": {
                  "exemplarCity": "Монтичелло, Кентукки"
                }
              },
              "Kralendijk": {
                "exemplarCity": "Кралендейк"
              },
              "La_Paz": {
                "exemplarCity": "Ла Пас"
              },
              "Lima": {
                "exemplarCity": "Лима"
              },
              "Los_Angeles": {
                "exemplarCity": "Лос-Анжелес"
              },
              "Louisville": {
                "exemplarCity": "Луизвилл"
              },
              "Lower_Princes": {
                "exemplarCity": "Лоуэр Принсес Куате"
              },
              "Maceio": {
                "exemplarCity": "Масейо"
              },
              "Managua": {
                "exemplarCity": "Манагуа"
              },
              "Manaus": {
                "exemplarCity": "Манаус"
              },
              "Marigot": {
                "exemplarCity": "Мариго"
              },
              "Martinique": {
                "exemplarCity": "Мартиник"
              },
              "Matamoros": {
                "exemplarCity": "Матаморос"
              },
              "Mazatlan": {
                "exemplarCity": "Мазатлан"
              },
              "Mendoza": {
                "exemplarCity": "Мендоза"
              },
              "Menominee": {
                "exemplarCity": "Меномини"
              },
              "Merida": {
                "exemplarCity": "Мерида"
              },
              "Metlakatla": {
                "exemplarCity": "Метлакатла"
              },
              "Mexico_City": {
                "exemplarCity": "Мехико шаары"
              },
              "Miquelon": {
                "exemplarCity": "Микелон"
              },
              "Moncton": {
                "exemplarCity": "Монктон"
              },
              "Monterrey": {
                "exemplarCity": "Монтерей"
              },
              "Montevideo": {
                "exemplarCity": "Монтевидео"
              },
              "Montserrat": {
                "exemplarCity": "Монсерат"
              },
              "Nassau": {
                "exemplarCity": "Нассау"
              },
              "New_York": {
                "exemplarCity": "Нью-Йорк"
              },
              "Nipigon": {
                "exemplarCity": "Нипигон"
              },
              "Nome": {
                "exemplarCity": "Ном"
              },
              "Noronha": {
                "exemplarCity": "Норониа"
              },
              "North_Dakota": {
                "Beulah": {
                  "exemplarCity": "Беула, Түндүк Дакота"
                },
                "New_Salem": {
                  "exemplarCity": "Нью-Салем, Түндүк Дакота"
                },
                "Center": {
                  "exemplarCity": "Сентер, Түндүк Дакота"
                }
              },
              "Ojinaga": {
                "exemplarCity": "Охинага"
              },
              "Panama": {
                "exemplarCity": "Панама"
              },
              "Pangnirtung": {
                "exemplarCity": "Пангиртуӊ"
              },
              "Paramaribo": {
                "exemplarCity": "Парамарибо"
              },
              "Phoenix": {
                "exemplarCity": "Феникс"
              },
              "Port-au-Prince": {
                "exemplarCity": "Порт-о-Пренс"
              },
              "Port_of_Spain": {
                "exemplarCity": "Порт оф Спейн"
              },
              "Porto_Velho": {
                "exemplarCity": "Порто Велио"
              },
              "Puerto_Rico": {
                "exemplarCity": "Пуэрто-Рико"
              },
              "Rainy_River": {
                "exemplarCity": "Рейни Ривер"
              },
              "Rankin_Inlet": {
                "exemplarCity": "Рэнкин Инлет"
              },
              "Recife": {
                "exemplarCity": "Ресифи"
              },
              "Regina": {
                "exemplarCity": "Регина"
              },
              "Resolute": {
                "exemplarCity": "Резолут"
              },
              "Rio_Branco": {
                "exemplarCity": "Рио Бранко"
              },
              "Santa_Isabel": {
                "exemplarCity": "Санта Изабел"
              },
              "Santarem": {
                "exemplarCity": "Сантарем"
              },
              "Santiago": {
                "exemplarCity": "Сантиаго"
              },
              "Santo_Domingo": {
                "exemplarCity": "Санто Доминго"
              },
              "Sao_Paulo": {
                "exemplarCity": "Сао Пауло"
              },
              "Scoresbysund": {
                "exemplarCity": "Иттоккортоормиит"
              },
              "Sitka": {
                "exemplarCity": "Ситка"
              },
              "St_Barthelemy": {
                "exemplarCity": "Сент-Бартелеми"
              },
              "St_Johns": {
                "exemplarCity": "Сент Жонс"
              },
              "St_Kitts": {
                "exemplarCity": "Сент-Китс"
              },
              "St_Lucia": {
                "exemplarCity": "Санта Лючия"
              },
              "St_Thomas": {
                "exemplarCity": "Сент-Томас"
              },
              "St_Vincent": {
                "exemplarCity": "Сент-Винсент"
              },
              "Swift_Current": {
                "exemplarCity": "Свифт Каррент"
              },
              "Tegucigalpa": {
                "exemplarCity": "Тегусигальпа"
              },
              "Thule": {
                "exemplarCity": "Туле"
              },
              "Thunder_Bay": {
                "exemplarCity": "Сандер Бей"
              },
              "Tijuana": {
                "exemplarCity": "Тихуана"
              },
              "Toronto": {
                "exemplarCity": "Торонто"
              },
              "Tortola": {
                "exemplarCity": "Тортола"
              },
              "Vancouver": {
                "exemplarCity": "Ванкувер"
              },
              "Whitehorse": {
                "exemplarCity": "Уайтхорс"
              },
              "Winnipeg": {
                "exemplarCity": "Уиннипег"
              },
              "Yakutat": {
                "exemplarCity": "Якутат"
              },
              "Yellowknife": {
                "exemplarCity": "Йеллоунайф"
              }
            },
            "Atlantic": {
              "Azores": {
                "exemplarCity": "Азорс"
              },
              "Bermuda": {
                "exemplarCity": "Бермуда"
              },
              "Canary": {
                "exemplarCity": "Канари"
              },
              "Cape_Verde": {
                "exemplarCity": "Капе Верде"
              },
              "Faeroe": {
                "exemplarCity": "Фарер"
              },
              "Madeira": {
                "exemplarCity": "Мадейра"
              },
              "Reykjavik": {
                "exemplarCity": "Рейкьявик"
              },
              "South_Georgia": {
                "exemplarCity": "Түштүк Жоржия"
              },
              "St_Helena": {
                "exemplarCity": "Сент Елена"
              },
              "Stanley": {
                "exemplarCity": "Стэнли"
              }
            },
            "Europe": {
              "Amsterdam": {
                "exemplarCity": "Амстердам"
              },
              "Andorra": {
                "exemplarCity": "Андорра"
              },
              "Athens": {
                "exemplarCity": "Афины"
              },
              "Belgrade": {
                "exemplarCity": "Белград"
              },
              "Berlin": {
                "exemplarCity": "Берлин"
              },
              "Bratislava": {
                "exemplarCity": "Братислава"
              },
              "Brussels": {
                "exemplarCity": "Брюсель"
              },
              "Bucharest": {
                "exemplarCity": "Бухарест"
              },
              "Budapest": {
                "exemplarCity": "Будапешт"
              },
              "Busingen": {
                "exemplarCity": "Бузинген"
              },
              "Chisinau": {
                "exemplarCity": "Кишинев"
              },
              "Copenhagen": {
                "exemplarCity": "Копенгаген"
              },
              "Dublin": {
                "long": {
                  "daylight": "Ирландия стандарттык убакыты"
                },
                "exemplarCity": "Дублин"
              },
              "Gibraltar": {
                "exemplarCity": "Гибралтар"
              },
              "Guernsey": {
                "exemplarCity": "Гернси"
              },
              "Helsinki": {
                "exemplarCity": "Хельсинки"
              },
              "Isle_of_Man": {
                "exemplarCity": "Мэн аралы"
              },
              "Istanbul": {
                "exemplarCity": "Стамбул"
              },
              "Jersey": {
                "exemplarCity": "Жерси"
              },
              "Kaliningrad": {
                "exemplarCity": "Калининград"
              },
              "Kiev": {
                "exemplarCity": "Киев"
              },
              "Lisbon": {
                "exemplarCity": "Лиссабон"
              },
              "Ljubljana": {
                "exemplarCity": "Любляна"
              },
              "London": {
                "long": {
                  "daylight": "Британия жайкы убактысы"
                },
                "exemplarCity": "Лондон"
              },
              "Luxembourg": {
                "exemplarCity": "Люксембург"
              },
              "Madrid": {
                "exemplarCity": "Мадрид"
              },
              "Malta": {
                "exemplarCity": "Мальта"
              },
              "Mariehamn": {
                "exemplarCity": "Мариехамн"
              },
              "Minsk": {
                "exemplarCity": "Минск"
              },
              "Monaco": {
                "exemplarCity": "Монако"
              },
              "Moscow": {
                "exemplarCity": "Москва"
              },
              "Oslo": {
                "exemplarCity": "Осло"
              },
              "Paris": {
                "exemplarCity": "Париж"
              },
              "Podgorica": {
                "exemplarCity": "Подгорица"
              },
              "Prague": {
                "exemplarCity": "Прага"
              },
              "Riga": {
                "exemplarCity": "Рига"
              },
              "Rome": {
                "exemplarCity": "Рим"
              },
              "Samara": {
                "exemplarCity": "Самара"
              },
              "San_Marino": {
                "exemplarCity": "Сан Марино"
              },
              "Sarajevo": {
                "exemplarCity": "Сараево"
              },
              "Simferopol": {
                "exemplarCity": "Симферополь"
              },
              "Skopje": {
                "exemplarCity": "Скопйе"
              },
              "Sofia": {
                "exemplarCity": "София"
              },
              "Stockholm": {
                "exemplarCity": "Стокгольм"
              },
              "Tallinn": {
                "exemplarCity": "Таллин"
              },
              "Tirane": {
                "exemplarCity": "Тирана"
              },
              "Uzhgorod": {
                "exemplarCity": "Ужгород"
              },
              "Vaduz": {
                "exemplarCity": "Фадуц"
              },
              "Vatican": {
                "exemplarCity": "Ватикан"
              },
              "Vienna": {
                "exemplarCity": "Вена"
              },
              "Vilnius": {
                "exemplarCity": "Вильнюс"
              },
              "Volgograd": {
                "exemplarCity": "Волгоград"
              },
              "Warsaw": {
                "exemplarCity": "Варшава"
              },
              "Zagreb": {
                "exemplarCity": "Загреб"
              },
              "Zaporozhye": {
                "exemplarCity": "Запорожье"
              },
              "Zurich": {
                "exemplarCity": "Цюрих"
              }
            },
            "Africa": {
              "Abidjan": {
                "exemplarCity": "Абиджан"
              },
              "Accra": {
                "exemplarCity": "Аккра"
              },
              "Addis_Ababa": {
                "exemplarCity": "Аддис-Абеба"
              },
              "Algiers": {
                "exemplarCity": "Алжир"
              },
              "Asmera": {
                "exemplarCity": "Асмара"
              },
              "Bamako": {
                "exemplarCity": "Бамако"
              },
              "Bangui": {
                "exemplarCity": "Баги"
              },
              "Banjul": {
                "exemplarCity": "Банжул"
              },
              "Bissau": {
                "exemplarCity": "Бисау"
              },
              "Blantyre": {
                "exemplarCity": "Блантайр"
              },
              "Brazzaville": {
                "exemplarCity": "Браззавилл"
              },
              "Bujumbura": {
                "exemplarCity": "Бужумбура"
              },
              "Cairo": {
                "exemplarCity": "Каир"
              },
              "Casablanca": {
                "exemplarCity": "Касабланка"
              },
              "Ceuta": {
                "exemplarCity": "Сеута"
              },
              "Conakry": {
                "exemplarCity": "Конакри"
              },
              "Dakar": {
                "exemplarCity": "Дакар"
              },
              "Dar_es_Salaam": {
                "exemplarCity": "Дар эс Салаам"
              },
              "Djibouti": {
                "exemplarCity": "Жибути"
              },
              "Douala": {
                "exemplarCity": "Дуала"
              },
              "El_Aaiun": {
                "exemplarCity": "Эл Айун"
              },
              "Freetown": {
                "exemplarCity": "Фритаун"
              },
              "Gaborone": {
                "exemplarCity": "Габороне"
              },
              "Harare": {
                "exemplarCity": "Хараре"
              },
              "Johannesburg": {
                "exemplarCity": "Йоханнесбург"
              },
              "Juba": {
                "exemplarCity": "Жуба"
              },
              "Kampala": {
                "exemplarCity": "Кампала"
              },
              "Khartoum": {
                "exemplarCity": "Картум"
              },
              "Kigali": {
                "exemplarCity": "Кигали"
              },
              "Kinshasa": {
                "exemplarCity": "Киншаса"
              },
              "Lagos": {
                "exemplarCity": "Лагос"
              },
              "Libreville": {
                "exemplarCity": "Либревилл"
              },
              "Lome": {
                "exemplarCity": "Ломе"
              },
              "Luanda": {
                "exemplarCity": "Луанда"
              },
              "Lubumbashi": {
                "exemplarCity": "Лубумбаши"
              },
              "Lusaka": {
                "exemplarCity": "Лусака"
              },
              "Malabo": {
                "exemplarCity": "Малабо"
              },
              "Maputo": {
                "exemplarCity": "Мапуто"
              },
              "Maseru": {
                "exemplarCity": "Масеру"
              },
              "Mbabane": {
                "exemplarCity": "Мбабане"
              },
              "Mogadishu": {
                "exemplarCity": "Могадишу"
              },
              "Monrovia": {
                "exemplarCity": "Монровиа"
              },
              "Nairobi": {
                "exemplarCity": "Найроби"
              },
              "Ndjamena": {
                "exemplarCity": "Нжамена"
              },
              "Niamey": {
                "exemplarCity": "Нйаме"
              },
              "Nouakchott": {
                "exemplarCity": "Нуакшот"
              },
              "Ouagadougou": {
                "exemplarCity": "Уагадугу"
              },
              "Porto-Novo": {
                "exemplarCity": "Порто-Ново"
              },
              "Sao_Tome": {
                "exemplarCity": "Сао Томе"
              },
              "Tripoli": {
                "exemplarCity": "Триполи"
              },
              "Tunis": {
                "exemplarCity": "Тунис"
              },
              "Windhoek": {
                "exemplarCity": "Уиндхук"
              }
            },
            "Asia": {
              "Aden": {
                "exemplarCity": "Аден"
              },
              "Almaty": {
                "exemplarCity": "Алматы"
              },
              "Amman": {
                "exemplarCity": "Амман"
              },
              "Anadyr": {
                "exemplarCity": "Анадыр"
              },
              "Aqtau": {
                "exemplarCity": "Актау"
              },
              "Aqtobe": {
                "exemplarCity": "Актобе"
              },
              "Ashgabat": {
                "exemplarCity": "Ашхабад"
              },
              "Baghdad": {
                "exemplarCity": "Багдад"
              },
              "Bahrain": {
                "exemplarCity": "Бахрейн"
              },
              "Baku": {
                "exemplarCity": "Баку"
              },
              "Bangkok": {
                "exemplarCity": "Бангкок"
              },
              "Beirut": {
                "exemplarCity": "Бейрут"
              },
              "Bishkek": {
                "exemplarCity": "Бишкек"
              },
              "Brunei": {
                "exemplarCity": "Бруней"
              },
              "Calcutta": {
                "exemplarCity": "Калькутта"
              },
              "Chita": {
                "exemplarCity": "Чита"
              },
              "Choibalsan": {
                "exemplarCity": "Чойбалсан"
              },
              "Colombo": {
                "exemplarCity": "Коломбо"
              },
              "Damascus": {
                "exemplarCity": "Дамаск"
              },
              "Dhaka": {
                "exemplarCity": "Дакка"
              },
              "Dili": {
                "exemplarCity": "Дили"
              },
              "Dubai": {
                "exemplarCity": "Дубай"
              },
              "Dushanbe": {
                "exemplarCity": "Душанбе"
              },
              "Gaza": {
                "exemplarCity": "Газа"
              },
              "Hebron": {
                "exemplarCity": "Хеброн"
              },
              "Hong_Kong": {
                "exemplarCity": "Гонконг"
              },
              "Hovd": {
                "exemplarCity": "Ховд"
              },
              "Irkutsk": {
                "exemplarCity": "Иркутск"
              },
              "Jakarta": {
                "exemplarCity": "Жакарта"
              },
              "Jayapura": {
                "exemplarCity": "Жайапура"
              },
              "Jerusalem": {
                "exemplarCity": "Иерусалим"
              },
              "Kabul": {
                "exemplarCity": "Кабул"
              },
              "Kamchatka": {
                "exemplarCity": "Камчатка"
              },
              "Karachi": {
                "exemplarCity": "Карачи"
              },
              "Katmandu": {
                "exemplarCity": "Катманду"
              },
              "Khandyga": {
                "exemplarCity": "Кандыга"
              },
              "Krasnoyarsk": {
                "exemplarCity": "Красноярск"
              },
              "Kuala_Lumpur": {
                "exemplarCity": "Куала Лумпур"
              },
              "Kuching": {
                "exemplarCity": "Кучиӊ"
              },
              "Kuwait": {
                "exemplarCity": "Кувейт"
              },
              "Macau": {
                "exemplarCity": "Макау"
              },
              "Magadan": {
                "exemplarCity": "Магадан"
              },
              "Makassar": {
                "exemplarCity": "Макассар"
              },
              "Manila": {
                "exemplarCity": "Манила"
              },
              "Muscat": {
                "exemplarCity": "Мускат"
              },
              "Nicosia": {
                "exemplarCity": "Никосия"
              },
              "Novokuznetsk": {
                "exemplarCity": "Новокузнецк"
              },
              "Novosibirsk": {
                "exemplarCity": "Новосибирск"
              },
              "Omsk": {
                "exemplarCity": "Омск"
              },
              "Oral": {
                "exemplarCity": "Орал"
              },
              "Phnom_Penh": {
                "exemplarCity": "Пномпень"
              },
              "Pontianak": {
                "exemplarCity": "Понтианак"
              },
              "Pyongyang": {
                "exemplarCity": "Пхенйан"
              },
              "Qatar": {
                "exemplarCity": "Катар"
              },
              "Qyzylorda": {
                "exemplarCity": "Кызылорда"
              },
              "Rangoon": {
                "exemplarCity": "Рангун"
              },
              "Riyadh": {
                "exemplarCity": "Рийад"
              },
              "Saigon": {
                "exemplarCity": "Хо Ши Мин"
              },
              "Sakhalin": {
                "exemplarCity": "Сахалин"
              },
              "Samarkand": {
                "exemplarCity": "Самарканд"
              },
              "Seoul": {
                "exemplarCity": "Сеул"
              },
              "Shanghai": {
                "exemplarCity": "Шанхай"
              },
              "Singapore": {
                "exemplarCity": "Сингапур"
              },
              "Srednekolymsk": {
                "exemplarCity": "Среднеколымск"
              },
              "Taipei": {
                "exemplarCity": "Тайпей"
              },
              "Tashkent": {
                "exemplarCity": "Ташкент"
              },
              "Tbilisi": {
                "exemplarCity": "Тбилиси"
              },
              "Tehran": {
                "exemplarCity": "Тегеран"
              },
              "Thimphu": {
                "exemplarCity": "Тимпу"
              },
              "Tokyo": {
                "exemplarCity": "Токио"
              },
              "Ulaanbaatar": {
                "exemplarCity": "Улан-Батор"
              },
              "Urumqi": {
                "exemplarCity": "Үрүмчү"
              },
              "Ust-Nera": {
                "exemplarCity": "Усть-Нера"
              },
              "Vientiane": {
                "exemplarCity": "Виентиан"
              },
              "Vladivostok": {
                "exemplarCity": "Владивосток"
              },
              "Yakutsk": {
                "exemplarCity": "Якутск"
              },
              "Yekaterinburg": {
                "exemplarCity": "Екатеринбург"
              },
              "Yerevan": {
                "exemplarCity": "Ереван"
              }
            },
            "Indian": {
              "Antananarivo": {
                "exemplarCity": "Антананариво"
              },
              "Chagos": {
                "exemplarCity": "Чагос"
              },
              "Christmas": {
                "exemplarCity": "Крисмас"
              },
              "Cocos": {
                "exemplarCity": "Кокос"
              },
              "Comoro": {
                "exemplarCity": "Коморо"
              },
              "Kerguelen": {
                "exemplarCity": "Кергелен"
              },
              "Mahe": {
                "exemplarCity": "Маэ"
              },
              "Maldives": {
                "exemplarCity": "Мальдив аралдары"
              },
              "Mauritius": {
                "exemplarCity": "Маврикий"
              },
              "Mayotte": {
                "exemplarCity": "Майотт"
              },
              "Reunion": {
                "exemplarCity": "Реюнион"
              }
            },
            "Australia": {
              "Adelaide": {
                "exemplarCity": "Аделаида"
              },
              "Brisbane": {
                "exemplarCity": "Брисбен"
              },
              "Broken_Hill": {
                "exemplarCity": "Броукен Хил"
              },
              "Currie": {
                "exemplarCity": "Керри"
              },
              "Darwin": {
                "exemplarCity": "Дарвин"
              },
              "Eucla": {
                "exemplarCity": "Юкла"
              },
              "Hobart": {
                "exemplarCity": "Хобарт"
              },
              "Lindeman": {
                "exemplarCity": "Линдеман"
              },
              "Lord_Howe": {
                "exemplarCity": "Лорд Хау"
              },
              "Melbourne": {
                "exemplarCity": "Мельбурн"
              },
              "Perth": {
                "exemplarCity": "Перт"
              },
              "Sydney": {
                "exemplarCity": "Сидней"
              }
            },
            "Pacific": {
              "Apia": {
                "exemplarCity": "Апиа"
              },
              "Auckland": {
                "exemplarCity": "Оклэнд"
              },
              "Bougainville": {
                "exemplarCity": "Бугенвиль"
              },
              "Chatham": {
                "exemplarCity": "Чатем"
              },
              "Easter": {
                "exemplarCity": "Истер"
              },
              "Efate": {
                "exemplarCity": "Эфат"
              },
              "Enderbury": {
                "exemplarCity": "Эндербери"
              },
              "Fakaofo": {
                "exemplarCity": "Факаофо"
              },
              "Fiji": {
                "exemplarCity": "Фижи"
              },
              "Funafuti": {
                "exemplarCity": "Фунафути"
              },
              "Galapagos": {
                "exemplarCity": "Галапагос"
              },
              "Gambier": {
                "exemplarCity": "Гамбие"
              },
              "Guadalcanal": {
                "exemplarCity": "Гуадалканал"
              },
              "Guam": {
                "exemplarCity": "Гуам"
              },
              "Honolulu": {
                "exemplarCity": "Гонолулу"
              },
              "Johnston": {
                "exemplarCity": "Жонстон"
              },
              "Kiritimati": {
                "exemplarCity": "Киритимати"
              },
              "Kosrae": {
                "exemplarCity": "Козрае"
              },
              "Kwajalein": {
                "exemplarCity": "Куажалейн"
              },
              "Majuro": {
                "exemplarCity": "Мажуро"
              },
              "Marquesas": {
                "exemplarCity": "Маркезас"
              },
              "Midway": {
                "exemplarCity": "Мидуэй"
              },
              "Nauru": {
                "exemplarCity": "Науру"
              },
              "Niue": {
                "exemplarCity": "Ниуэ"
              },
              "Norfolk": {
                "exemplarCity": "Норфолк"
              },
              "Noumea": {
                "exemplarCity": "Нумеа"
              },
              "Pago_Pago": {
                "exemplarCity": "Паго Паго"
              },
              "Palau": {
                "exemplarCity": "Палау"
              },
              "Pitcairn": {
                "exemplarCity": "Питкэрн"
              },
              "Ponape": {
                "exemplarCity": "Понпей"
              },
              "Port_Moresby": {
                "exemplarCity": "Порт Моэрсби"
              },
              "Rarotonga": {
                "exemplarCity": "Раготонга"
              },
              "Saipan": {
                "exemplarCity": "Сайпан"
              },
              "Tahiti": {
                "exemplarCity": "Таити"
              },
              "Tarawa": {
                "exemplarCity": "Тарава"
              },
              "Tongatapu": {
                "exemplarCity": "Тонгатапу"
              },
              "Truk": {
                "exemplarCity": "Чуук"
              },
              "Wake": {
                "exemplarCity": "Уейк"
              },
              "Wallis": {
                "exemplarCity": "Уолис"
              }
            },
            "Arctic": {
              "Longyearbyen": {
                "exemplarCity": "Лонгйербиен"
              }
            },
            "Antarctica": {
              "Casey": {
                "exemplarCity": "Кейси"
              },
              "Davis": {
                "exemplarCity": "Дэвис"
              },
              "DumontDUrville": {
                "exemplarCity": "Дүмон д-Өрвил"
              },
              "Macquarie": {
                "exemplarCity": "Маккуори"
              },
              "Mawson": {
                "exemplarCity": "Моосон"
              },
              "McMurdo": {
                "exemplarCity": "МакМөрдо"
              },
              "Palmer": {
                "exemplarCity": "Палмер"
              },
              "Rothera": {
                "exemplarCity": "Ротера"
              },
              "Syowa": {
                "exemplarCity": "Саоа"
              },
              "Troll": {
                "exemplarCity": "Тролл"
              },
              "Vostok": {
                "exemplarCity": "Восток"
              }
            },
            "Etc": {
              "GMT": {
                "exemplarCity": "GMT"
              },
              "GMT1": {
                "exemplarCity": "GMT+1"
              },
              "GMT10": {
                "exemplarCity": "GMT+10"
              },
              "GMT11": {
                "exemplarCity": "GMT+11"
              },
              "GMT12": {
                "exemplarCity": "GMT+12"
              },
              "GMT2": {
                "exemplarCity": "GMT+2"
              },
              "GMT3": {
                "exemplarCity": "GMT+3"
              },
              "GMT4": {
                "exemplarCity": "GMT+4"
              },
              "GMT5": {
                "exemplarCity": "GMT+5"
              },
              "GMT6": {
                "exemplarCity": "GMT+6"
              },
              "GMT7": {
                "exemplarCity": "GMT+7"
              },
              "GMT8": {
                "exemplarCity": "GMT+8"
              },
              "GMT9": {
                "exemplarCity": "GMT+9"
              },
              "GMT-1": {
                "exemplarCity": "GMT-1"
              },
              "GMT-10": {
                "exemplarCity": "GMT-10"
              },
              "GMT-11": {
                "exemplarCity": "GMT-11"
              },
              "GMT-12": {
                "exemplarCity": "GMT-12"
              },
              "GMT-13": {
                "exemplarCity": "GMT-13"
              },
              "GMT-14": {
                "exemplarCity": "GMT-14"
              },
              "GMT-2": {
                "exemplarCity": "GMT-2"
              },
              "GMT-3": {
                "exemplarCity": "GMT-3"
              },
              "GMT-4": {
                "exemplarCity": "GMT-4"
              },
              "GMT-5": {
                "exemplarCity": "GMT-5"
              },
              "GMT-6": {
                "exemplarCity": "GMT-6"
              },
              "GMT-7": {
                "exemplarCity": "GMT-7"
              },
              "GMT-8": {
                "exemplarCity": "GMT-8"
              },
              "GMT-9": {
                "exemplarCity": "GMT-9"
              },
              "Unknown": {
                "exemplarCity": "белгисиз шаар"
              }
            }
          },
          "metazone": {
            "Afghanistan": {
              "long": {
                "standard": "Афганистан убактысы"
              }
            },
            "Africa_Central": {
              "long": {
                "standard": "Борбордук Африка убактысы"
              }
            },
            "Africa_Eastern": {
              "long": {
                "standard": "Чыгыш Африка убактысы"
              }
            },
            "Africa_Southern": {
              "long": {
                "standard": "Түштүк Африка убактысы"
              }
            },
            "Africa_Western": {
              "long": {
                "generic": "Батыш Африка убактысы",
                "standard": "Батыш Африка стандарт убактысы",
                "daylight": "Батыш Африка жайкы убактысы"
              }
            },
            "Alaska": {
              "long": {
                "generic": "Аляска убактысы",
                "standard": "Аляска стандарт убактысы",
                "daylight": "Аляска жайкы убактысы"
              }
            },
            "Amazon": {
              "long": {
                "generic": "Амазон убактысы",
                "standard": "Амазон стандарт убактысы",
                "daylight": "Амазон жайкы убактысы"
              }
            },
            "America_Central": {
              "long": {
                "generic": "Түндүк Америка, борбордук убактысы",
                "standard": "Түндүк Америка, борбордук стандарт убактысы",
                "daylight": "Түндүк Америка, борбордук жайкы убактысы"
              }
            },
            "America_Eastern": {
              "long": {
                "generic": "Түндүк Америка, чыгыш убактысы",
                "standard": "Түндүк Америка, чыгыш стандарт убактысы",
                "daylight": "Түндүк Америка, чыгыш жайкы убактысы"
              }
            },
            "America_Mountain": {
              "long": {
                "generic": "Түндүк Америка, тоо убактысы",
                "standard": "Түндүк Америка, тоо стандарт убактысы",
                "daylight": "Түндүк Америка, тоо жайкы убактысы"
              }
            },
            "America_Pacific": {
              "long": {
                "generic": "Түндүк Америка, Тынч океан убактысы",
                "standard": "Түндүк Америка, Тынч океан стандарт убактысы",
                "daylight": "Түндүк Америка, Тынч океан жайкы убактысы"
              }
            },
            "Apia": {
              "long": {
                "generic": "Апиа убактысы",
                "standard": "Апиа стандарт убактысы",
                "daylight": "Апиа күндүзгү убактысы"
              }
            },
            "Arabian": {
              "long": {
                "generic": "Арабия убактысы",
                "standard": "Арабия стандарт убактысы",
                "daylight": "Арабия үнөмдөө убактысы"
              }
            },
            "Argentina": {
              "long": {
                "generic": "Аргентина убактысы",
                "standard": "Аргентина стандарт убактысы",
                "daylight": "Аргентина жайкы убактысы"
              }
            },
            "Argentina_Western": {
              "long": {
                "generic": "Батыш Аргентина убактысы",
                "standard": "Батыш Аргентина стандарт убактысы",
                "daylight": "Батыш Аргентина жайкы убактысы"
              }
            },
            "Armenia": {
              "long": {
                "generic": "Армения убактысы",
                "standard": "Армения стандарт убактысы",
                "daylight": "Армения жайкы убактысы"
              }
            },
            "Atlantic": {
              "long": {
                "generic": "Атлантика убактысы",
                "standard": "Атлантика стандарт убактысы",
                "daylight": "Атлантика жайкы убактысы"
              }
            },
            "Australia_Central": {
              "long": {
                "generic": "Австралия борбордук убактысы",
                "standard": "Австралия борбордук стандарт убактысы",
                "daylight": "Австралия борбордук күндүзгү убактысы"
              }
            },
            "Australia_CentralWestern": {
              "long": {
                "generic": "Австралия борбордук батыш убактысы",
                "standard": "Австралия борбордук батыш стандарт убактысы",
                "daylight": "Австралия борбордук чыгыш күндүзгү убактысы"
              }
            },
            "Australia_Eastern": {
              "long": {
                "generic": "Австралия чыгыш убактысы",
                "standard": "Австралия чыгыш стандарт убактысы",
                "daylight": "Австралия чыгыш күндүзгү убактысы"
              }
            },
            "Australia_Western": {
              "long": {
                "generic": "Австралия батыш убактысы",
                "standard": "Австралия батыш стандарт убактысы",
                "daylight": "Австралия батыш күндүзгү убактысы"
              }
            },
            "Azerbaijan": {
              "long": {
                "generic": "Азербайжан убактысы",
                "standard": "Азербайжан стандарт убактысы",
                "daylight": "Азербайжан жайкы убактысы"
              }
            },
            "Azores": {
              "long": {
                "generic": "Азорс убактысы",
                "standard": "Азорс стандарт убактысы",
                "daylight": "Азорс жайкы убактысы"
              }
            },
            "Bangladesh": {
              "long": {
                "generic": "Бангладеш убактысы",
                "standard": "Бангладеш стандарт убактысы",
                "daylight": "Бангладеш жайкы убактысы"
              }
            },
            "Bhutan": {
              "long": {
                "standard": "Бутан убактысы"
              }
            },
            "Bolivia": {
              "long": {
                "standard": "Боливия убактысы"
              }
            },
            "Brasilia": {
              "long": {
                "generic": "Бразилия убактысы",
                "standard": "Бразилия стандарт убактысы",
                "daylight": "Бразилия жайкы убактысы"
              }
            },
            "Brunei": {
              "long": {
                "standard": "Бруней Даруссалам убактысы"
              }
            },
            "Cape_Verde": {
              "long": {
                "generic": "Капе Верде убактысы",
                "standard": "Капе Верде стандарт убактысы",
                "daylight": "Капе Верде жайкы убактысы"
              }
            },
            "Chamorro": {
              "long": {
                "standard": "Чаморро убактысы"
              }
            },
            "Chatham": {
              "long": {
                "generic": "Чатам убактысы",
                "standard": "Чатам стандарт убактысы",
                "daylight": "Чатам күндүзгү убактысы"
              }
            },
            "Chile": {
              "long": {
                "generic": "Чили убактысы",
                "standard": "Чили стандарт убактысы",
                "daylight": "Чили жайкы убактысы"
              }
            },
            "China": {
              "long": {
                "generic": "Кытай убактысы",
                "standard": "Кытай стандарт убактысы",
                "daylight": "Кытай күндүзгү убактысы"
              }
            },
            "Choibalsan": {
              "long": {
                "generic": "Чойбалсан убактысы",
                "standard": "Чойбалсан стандарт убактысы",
                "daylight": "Чойбалсан жайкы убактысы"
              }
            },
            "Christmas": {
              "long": {
                "standard": "Крисмас убактысы"
              }
            },
            "Cocos": {
              "long": {
                "standard": "Кокос убактысы"
              }
            },
            "Colombia": {
              "long": {
                "generic": "Колумбия убактысы",
                "standard": "Колумбия стандарт убактысы",
                "daylight": "Колумбия жайкы убактысы"
              }
            },
            "Cook": {
              "long": {
                "generic": "Кук аралдарынын убактысы",
                "standard": "Кук аралдарынын стандарт убактысы",
                "daylight": "Кук аралдарынын жарым жай убактысы"
              }
            },
            "Cuba": {
              "long": {
                "generic": "Куба убактысы",
                "standard": "Куба стандарт убактысы",
                "daylight": "Куба жайкы убактысы"
              }
            },
            "Davis": {
              "long": {
                "standard": "Дэвис убактысы"
              }
            },
            "DumontDUrville": {
              "long": {
                "standard": "Дүмон-д-Өрвил убактысы"
              }
            },
            "East_Timor": {
              "long": {
                "standard": "Чыгыш Тимор убактысы"
              }
            },
            "Easter": {
              "long": {
                "generic": "Истер убактысы",
                "standard": "Истер стандарт убактысы",
                "daylight": "Истер жайкы убактысы"
              }
            },
            "Ecuador": {
              "long": {
                "standard": "Экуадор убактысы"
              }
            },
            "Europe_Central": {
              "long": {
                "generic": "Борбордук Европа убактысы",
                "standard": "Борбордук Европа стандарт убактысы",
                "daylight": "Борбордук Европа жайкы убактысы"
              }
            },
            "Europe_Eastern": {
              "long": {
                "generic": "Чыгыш Европа убактысы",
                "standard": "Чыгыш Европа стандарт убактысы",
                "daylight": "Чыгыш Европа жайкы убактысы"
              }
            },
            "Europe_Further_Eastern": {
              "long": {
                "standard": "Калининград жана Минск убактысы"
              }
            },
            "Europe_Western": {
              "long": {
                "generic": "Батыш Европа убактысы",
                "standard": "Батыш Европа стандарт убактысы",
                "daylight": "Батыш Европа жайкы убактысы"
              }
            },
            "Falkland": {
              "long": {
                "generic": "Фолкленд убактысы",
                "standard": "Фолкленд стандарт убактысы",
                "daylight": "Фолкленд жайкы убактысы"
              }
            },
            "Fiji": {
              "long": {
                "generic": "Фижи убактысы",
                "standard": "Фижи стандарт убактысы",
                "daylight": "Фижи жайкы убактысы"
              }
            },
            "French_Guiana": {
              "long": {
                "standard": "Француз Гвиана убактысы"
              }
            },
            "French_Southern": {
              "long": {
                "standard": "Француз Түштүгү жана Антарктика убактысы"
              }
            },
            "Galapagos": {
              "long": {
                "standard": "Галапагос убактысы"
              }
            },
            "Gambier": {
              "long": {
                "standard": "Гамбие убактысы"
              }
            },
            "Georgia": {
              "long": {
                "generic": "Грузия убактысы",
                "standard": "Грузия стандарт убактысы",
                "daylight": "Грузия жайкы убактысы"
              }
            },
            "Gilbert_Islands": {
              "long": {
                "standard": "Гилберт убактысы"
              }
            },
            "GMT": {
              "long": {
                "standard": "Гринвич универсалдуу убактысы"
              }
            },
            "Greenland_Eastern": {
              "long": {
                "generic": "Чыгыш Гренландия убактысы",
                "standard": "Чыгыш Гренландия стандарт убактысы",
                "daylight": "Чыгыш Гренландия жайкы убактысы"
              }
            },
            "Greenland_Western": {
              "long": {
                "generic": "Батыш Гренландия убактысы",
                "standard": "Батыш Гренландия стандарт убактысы",
                "daylight": "Батыш Гренландия жайкы убактысы"
              }
            },
            "Gulf": {
              "long": {
                "standard": "Булуӊ убактысы"
              }
            },
            "Guyana": {
              "long": {
                "standard": "Гвиана убактысы"
              }
            },
            "Hawaii_Aleutian": {
              "long": {
                "generic": "Гавайи-Алеут убактысы",
                "standard": "Гавайи-Алеут стандарт убактысы",
                "daylight": "Гавайи-Алеут жайкы убактысы"
              }
            },
            "Hong_Kong": {
              "long": {
                "generic": "Гонконг убактысы",
                "standard": "Гонконг стандарт убактысы",
                "daylight": "Гонконг жайкы убактысы"
              }
            },
            "Hovd": {
              "long": {
                "generic": "Ховд убактысы",
                "standard": "Ховд стандарт убактысы",
                "daylight": "Ховд жайкы убактысы"
              }
            },
            "India": {
              "long": {
                "standard": "Индия убактысы"
              }
            },
            "Indian_Ocean": {
              "long": {
                "standard": "Инди океан убактысы"
              }
            },
            "Indochina": {
              "long": {
                "standard": "Индокытай убактысы"
              }
            },
            "Indonesia_Central": {
              "long": {
                "standard": "Борбордук Индонезия убактысы"
              }
            },
            "Indonesia_Eastern": {
              "long": {
                "standard": "Чыгыш Индонезия убактысы"
              }
            },
            "Indonesia_Western": {
              "long": {
                "standard": "Батыш Индонезия убактысы"
              }
            },
            "Iran": {
              "long": {
                "generic": "Иран убактысы",
                "standard": "Иран стандарт убактысы",
                "daylight": "Иран күндүзгү убактысы"
              }
            },
            "Irkutsk": {
              "long": {
                "generic": "Иркутск убактысы",
                "standard": "Иркутск стандарт убактысы",
                "daylight": "Иркутск жайкы убактысы"
              }
            },
            "Israel": {
              "long": {
                "generic": "Израил убактысы",
                "standard": "Израил стандарт убактысы",
                "daylight": "Израил күндүзгү убакыты"
              }
            },
            "Japan": {
              "long": {
                "generic": "Жапан убактысы",
                "standard": "Жапан стандарт убактысы",
                "daylight": "Жапан күндүзгү убактысы"
              }
            },
            "Kazakhstan_Eastern": {
              "long": {
                "standard": "Чыгыш Казакстан убактысы"
              }
            },
            "Kazakhstan_Western": {
              "long": {
                "standard": "Батыш Казакстан убактысы"
              }
            },
            "Korea": {
              "long": {
                "generic": "Корея убактысы",
                "standard": "Корея стандарт убактысы",
                "daylight": "Корея күндүзгү убактысы"
              }
            },
            "Kosrae": {
              "long": {
                "standard": "Косрае убактысы"
              }
            },
            "Krasnoyarsk": {
              "long": {
                "generic": "Красноярск убактысы",
                "standard": "Красноярск стандарт убактысы",
                "daylight": "Красноярск жайкы убактысы"
              }
            },
            "Kyrgystan": {
              "long": {
                "standard": "Кыргызстан убактысы"
              }
            },
            "Line_Islands": {
              "long": {
                "standard": "Лайн убактысы"
              }
            },
            "Lord_Howe": {
              "long": {
                "generic": "Лорд Хау убактысы",
                "standard": "Лорд Хау стандарт убактысы",
                "daylight": "Лорд Хау күндүзгү убактысы"
              }
            },
            "Macquarie": {
              "long": {
                "standard": "Макуари убактысы"
              }
            },
            "Magadan": {
              "long": {
                "generic": "Магадан убактысы",
                "standard": "Магадан стандарт убактысы",
                "daylight": "Магадан жайкы убактысы"
              }
            },
            "Malaysia": {
              "long": {
                "standard": "Малайзия убактысы"
              }
            },
            "Maldives": {
              "long": {
                "standard": "Мальдив убактысы"
              }
            },
            "Marquesas": {
              "long": {
                "standard": "Маркезас убактысы"
              }
            },
            "Marshall_Islands": {
              "long": {
                "standard": "Маршалл убактысы"
              }
            },
            "Mauritius": {
              "long": {
                "generic": "Маврикий убактысы",
                "standard": "Маврикий стандарт убактысы",
                "daylight": "Маврикий жайкы убактысы"
              }
            },
            "Mawson": {
              "long": {
                "standard": "Моусон убактысы"
              }
            },
            "Mexico_Northwest": {
              "long": {
                "generic": "Түндүк-чыгыш Мексика убактысы",
                "standard": "Түндүк-чыгыш Мексика стандарт убактысы",
                "daylight": "Түндүк-чыгыш Мексика жайкы убактысы"
              }
            },
            "Mexico_Pacific": {
              "long": {
                "generic": "Мексика, тынч океан убактысы",
                "standard": "Мексика, тынч океан стандарт убактысы",
                "daylight": "Мексика, тынч океан жайкы убактысы"
              }
            },
            "Mongolia": {
              "long": {
                "generic": "Улан Батор убактысы",
                "standard": "Улан Батор стандарт убактысы",
                "daylight": "Улан Батор жайкы убактысы"
              }
            },
            "Moscow": {
              "long": {
                "generic": "Москва убактысы",
                "standard": "Москва стандарт убактысы",
                "daylight": "Москва жайкы убактысы"
              }
            },
            "Myanmar": {
              "long": {
                "standard": "Мйанмар убактысы"
              }
            },
            "Nauru": {
              "long": {
                "standard": "Науру убактысы"
              }
            },
            "Nepal": {
              "long": {
                "standard": "Непал убактысы"
              }
            },
            "New_Caledonia": {
              "long": {
                "generic": "Жаӊы Каледония убактысы",
                "standard": "Жаӊы Каледония стандарт убактысы",
                "daylight": "Жаӊы Каледония жайкы убактысы"
              }
            },
            "New_Zealand": {
              "long": {
                "generic": "Жаӊы Зеландия убактысы",
                "standard": "Жаӊы Зеландия стандарт убактысы",
                "daylight": "Жаңы Зеландия күндүзгү убактысы"
              }
            },
            "Newfoundland": {
              "long": {
                "generic": "Нюфаундлэнд убактысы",
                "standard": "Нюфаундлэнд стандарт убактысы",
                "daylight": "Нюфаундлэнд жайкы убактысы"
              }
            },
            "Niue": {
              "long": {
                "standard": "Ниуэ убактысы"
              }
            },
            "Norfolk": {
              "long": {
                "standard": "Норфолк убактысы"
              }
            },
            "Noronha": {
              "long": {
                "generic": "Фернандо де Норонья убактысы",
                "standard": "Фернандо де Норонья стандарт убактысы",
                "daylight": "Фернандо де Норонья жайкы убактысы"
              }
            },
            "Novosibirsk": {
              "long": {
                "generic": "Новосибирск убактысы",
                "standard": "Новосибирск стандарт убактысы",
                "daylight": "Новосибирск жайкы убактысы"
              }
            },
            "Omsk": {
              "long": {
                "generic": "Омск убактысы",
                "standard": "Омск стандарт убактысы",
                "daylight": "Омск жайкы убактысы"
              }
            },
            "Pakistan": {
              "long": {
                "generic": "Пакистан убактысы",
                "standard": "Пакистан стандарт убактысы",
                "daylight": "Пакистан жайкы убактысы"
              }
            },
            "Palau": {
              "long": {
                "standard": "Палау убактысы"
              }
            },
            "Papua_New_Guinea": {
              "long": {
                "standard": "Папуа-Жаңы Гвинея убактысы"
              }
            },
            "Paraguay": {
              "long": {
                "generic": "Парагвай убактысы",
                "standard": "Парагвай стандарт убактысы",
                "daylight": "Парагвай жайкы убактысы"
              }
            },
            "Peru": {
              "long": {
                "generic": "Перу убактысы",
                "standard": "Перу стандарт убактысы",
                "daylight": "Перу жайкы убактысы"
              }
            },
            "Philippines": {
              "long": {
                "generic": "Филиппин аралдарынын убактысы",
                "standard": "Филиппин аралдарынын стандарт убактысы",
                "daylight": "Филиппин аралдарынын жайкы убактысы"
              }
            },
            "Phoenix_Islands": {
              "long": {
                "standard": "Феникс аралдарынын убактысы"
              }
            },
            "Pierre_Miquelon": {
              "long": {
                "generic": "Сен Пьер жана Микелон убактысы",
                "standard": "Сен Пьер жана Микелон стандарт убактысы",
                "daylight": "Сен Пьер жана Микелон жайкы убактысы"
              }
            },
            "Pitcairn": {
              "long": {
                "standard": "Питкэрнг убактысы"
              }
            },
            "Ponape": {
              "long": {
                "standard": "Понапе убактысы"
              }
            },
            "Reunion": {
              "long": {
                "standard": "Реюнион убактысы"
              }
            },
            "Rothera": {
              "long": {
                "standard": "Ротера убактысы"
              }
            },
            "Sakhalin": {
              "long": {
                "generic": "Сахалин убактысы",
                "standard": "Сахалин стандарт убактысы",
                "daylight": "Сахалин жайкы убактысы"
              }
            },
            "Samoa": {
              "long": {
                "generic": "Самоа убактысы",
                "standard": "Самоа стандарт убактысы",
                "daylight": "Самоа күндүзгү убактысы"
              }
            },
            "Seychelles": {
              "long": {
                "standard": "Сейшел убактысы"
              }
            },
            "Singapore": {
              "long": {
                "standard": "Сингапур убактысы"
              }
            },
            "Solomon": {
              "long": {
                "standard": "Соломон аралдарынын убактысы"
              }
            },
            "South_Georgia": {
              "long": {
                "standard": "Түштүк Жоржия убактысы"
              }
            },
            "Suriname": {
              "long": {
                "standard": "Суринаме убактысы"
              }
            },
            "Syowa": {
              "long": {
                "standard": "Саоа убактысы"
              }
            },
            "Tahiti": {
              "long": {
                "standard": "Таити убактысы"
              }
            },
            "Taipei": {
              "long": {
                "generic": "Тайпей убактысы",
                "standard": "Тайпей стандарт убактысы",
                "daylight": "Тайпей күндүзгү убактысы"
              }
            },
            "Tajikistan": {
              "long": {
                "standard": "Тажикстан убактысы"
              }
            },
            "Tokelau": {
              "long": {
                "standard": "Токелау убактысы"
              }
            },
            "Tonga": {
              "long": {
                "generic": "Тонга убактысы",
                "standard": "Тонга стандарт убактысы",
                "daylight": "Тонга жайкы убактысы"
              }
            },
            "Truk": {
              "long": {
                "standard": "Чуук убактысы"
              }
            },
            "Turkmenistan": {
              "long": {
                "generic": "Түркмөнстан убактысы",
                "standard": "Түркмөнстан стандарт убактысы",
                "daylight": "Түркмөнстан жайкы убактысы"
              }
            },
            "Tuvalu": {
              "long": {
                "standard": "Тувалу убактысы"
              }
            },
            "Uruguay": {
              "long": {
                "generic": "Уругвай убактысы",
                "standard": "Уругвай стандарт убактысы",
                "daylight": "Уругвай жайкы убактысы"
              }
            },
            "Uzbekistan": {
              "long": {
                "generic": "Өзбекстан убактысы",
                "standard": "Өзбекстан стандарт убактысы",
                "daylight": "Өзбекстан жайкы убактысы"
              }
            },
            "Vanuatu": {
              "long": {
                "generic": "Вануату убактысы",
                "standard": "Вануату стандарт убактысы",
                "daylight": "Вануату жайкы убактысы"
              }
            },
            "Venezuela": {
              "long": {
                "standard": "Венесуэла убактысы"
              }
            },
            "Vladivostok": {
              "long": {
                "generic": "Владивосток убактысы",
                "standard": "Владивосток стандарт убактысы",
                "daylight": "Владивосток жайкы убактысы"
              }
            },
            "Volgograd": {
              "long": {
                "generic": "Волгоград убактысы",
                "standard": "Волгоград стандарт убактысы",
                "daylight": "Волгоград жайкы убактысы"
              }
            },
            "Vostok": {
              "long": {
                "standard": "Восток убактысы"
              }
            },
            "Wake": {
              "long": {
                "standard": "Уейк убактысы"
              }
            },
            "Wallis": {
              "long": {
                "standard": "Уолис жана Футуна убактысы"
              }
            },
            "Yakutsk": {
              "long": {
                "generic": "Якутск убактысы",
                "standard": "Якутск стандарт убактысы",
                "daylight": "Якутск жайкы убактысы"
              }
            },
            "Yekaterinburg": {
              "long": {
                "generic": "Екатеринбург убактысы",
                "standard": "Екатеринбург стандарт убактысы",
                "daylight": "Екатеринбург жайкы убактысы"
              }
            }
          }
        }
      }
    }
  }
}
