{
  "main": {
    "bs": {
      "identity": {
        "version": {
          "_number": "$Revision: 12307 $",
          "_cldrVersion": "29"
        },
        "language": "bs"
      },
      "dates": {
        "timeZoneNames": {
          "hourFormat": "+HH:mm;-HH:mm",
          "gmtFormat": "GMT{0}",
          "gmtZeroFormat": "GMT",
          "regionFormat": "{0} vrijeme",
          "regionFormat-type-daylight": "{0}, ljetno vrijeme",
          "regionFormat-type-standard": "{0}, standardno vrijeme",
          "fallbackFormat": "{1} ({0})",
          "zone": {
            "America": {
              "Adak": {
                "exemplarCity": "Adak"
              },
              "Anchorage": {
                "exemplarCity": "Anchorage"
              },
              "Anguilla": {
                "exemplarCity": "Anguilla"
              },
              "Antigua": {
                "exemplarCity": "Antigua"
              },
              "Araguaina": {
                "exemplarCity": "Araguaina"
              },
              "Argentina": {
                "Rio_Gallegos": {
                  "exemplarCity": "Rio Gallegos"
                },
                "San_Juan": {
                  "exemplarCity": "San Juan"
                },
                "Ushuaia": {
                  "exemplarCity": "Ushuaia"
                },
                "La_Rioja": {
                  "exemplarCity": "La Rioja"
                },
                "San_Luis": {
                  "exemplarCity": "San Luis"
                },
                "Salta": {
                  "exemplarCity": "Salta"
                },
                "Tucuman": {
                  "exemplarCity": "Tucuman"
                }
              },
              "Aruba": {
                "exemplarCity": "Aruba"
              },
              "Asuncion": {
                "exemplarCity": "Asuncion"
              },
              "Bahia": {
                "exemplarCity": "Bahia"
              },
              "Bahia_Banderas": {
                "exemplarCity": "Bahia Banderas"
              },
              "Barbados": {
                "exemplarCity": "Barbados"
              },
              "Belem": {
                "exemplarCity": "Belem"
              },
              "Belize": {
                "exemplarCity": "Belize"
              },
              "Blanc-Sablon": {
                "exemplarCity": "Blanc-Sablon"
              },
              "Boa_Vista": {
                "exemplarCity": "Boa Vista"
              },
              "Bogota": {
                "exemplarCity": "Bogota"
              },
              "Boise": {
                "exemplarCity": "Boise"
              },
              "Buenos_Aires": {
                "exemplarCity": "Buenos Aires"
              },
              "Cambridge_Bay": {
                "exemplarCity": "Cambridge Bay"
              },
              "Campo_Grande": {
                "exemplarCity": "Campo Grande"
              },
              "Cancun": {
                "exemplarCity": "Cancun"
              },
              "Caracas": {
                "exemplarCity": "Caracas"
              },
              "Catamarca": {
                "exemplarCity": "Catamarca"
              },
              "Cayenne": {
                "exemplarCity": "Cayenne"
              },
              "Cayman": {
                "exemplarCity": "Cayman"
              },
              "Chicago": {
                "exemplarCity": "Chicago"
              },
              "Chihuahua": {
                "exemplarCity": "Chihuahua"
              },
              "Coral_Harbour": {
                "exemplarCity": "Atikokan"
              },
              "Cordoba": {
                "exemplarCity": "Cordoba"
              },
              "Costa_Rica": {
                "exemplarCity": "Costa Rica"
              },
              "Creston": {
                "exemplarCity": "Creston"
              },
              "Cuiaba": {
                "exemplarCity": "Cuiaba"
              },
              "Curacao": {
                "exemplarCity": "Curacao"
              },
              "Danmarkshavn": {
                "exemplarCity": "Danmarkshavn"
              },
              "Dawson": {
                "exemplarCity": "Dawson"
              },
              "Dawson_Creek": {
                "exemplarCity": "Dawson Creek"
              },
              "Denver": {
                "exemplarCity": "Denver"
              },
              "Detroit": {
                "exemplarCity": "Detroit"
              },
              "Dominica": {
                "exemplarCity": "Dominica"
              },
              "Edmonton": {
                "exemplarCity": "Edmonton"
              },
              "Eirunepe": {
                "exemplarCity": "Eirunepe"
              },
              "El_Salvador": {
                "exemplarCity": "El Salvador"
              },
              "Fort_Nelson": {
                "exemplarCity": "Fort Nelson"
              },
              "Fortaleza": {
                "exemplarCity": "Fortaleza"
              },
              "Glace_Bay": {
                "exemplarCity": "Glace Bay"
              },
              "Godthab": {
                "exemplarCity": "Nuuk"
              },
              "Goose_Bay": {
                "exemplarCity": "Goose Bay"
              },
              "Grand_Turk": {
                "exemplarCity": "Grand Turk"
              },
              "Grenada": {
                "exemplarCity": "Grenada"
              },
              "Guadeloupe": {
                "exemplarCity": "Guadeloupe"
              },
              "Guatemala": {
                "exemplarCity": "Guatemala"
              },
              "Guayaquil": {
                "exemplarCity": "Guayaquil"
              },
              "Guyana": {
                "exemplarCity": "Guyana"
              },
              "Halifax": {
                "exemplarCity": "Halifax"
              },
              "Havana": {
                "exemplarCity": "Havana"
              },
              "Hermosillo": {
                "exemplarCity": "Hermosillo"
              },
              "Indiana": {
                "Vincennes": {
                  "exemplarCity": "Vincennes, Indiana"
                },
                "Petersburg": {
                  "exemplarCity": "Petersburg, Indiana"
                },
                "Tell_City": {
                  "exemplarCity": "Tell City, Indiana"
                },
                "Knox": {
                  "exemplarCity": "Knox, Indiana"
                },
                "Winamac": {
                  "exemplarCity": "Winamac, Indiana"
                },
                "Marengo": {
                  "exemplarCity": "Marengo, Indiana"
                },
                "Vevay": {
                  "exemplarCity": "Vevay, Indiana"
                }
              },
              "Indianapolis": {
                "exemplarCity": "Indianapolis"
              },
              "Inuvik": {
                "exemplarCity": "Inuvik"
              },
              "Iqaluit": {
                "exemplarCity": "Iqaluit"
              },
              "Jamaica": {
                "exemplarCity": "Jamaica"
              },
              "Jujuy": {
                "exemplarCity": "Jujuy"
              },
              "Juneau": {
                "exemplarCity": "Juneau"
              },
              "Kentucky": {
                "Monticello": {
                  "exemplarCity": "Monticello, Kentucky"
                }
              },
              "Kralendijk": {
                "exemplarCity": "Kralendijk"
              },
              "La_Paz": {
                "exemplarCity": "La Paz"
              },
              "Lima": {
                "exemplarCity": "Lima"
              },
              "Los_Angeles": {
                "exemplarCity": "Los Angeles"
              },
              "Louisville": {
                "exemplarCity": "Louisville"
              },
              "Lower_Princes": {
                "exemplarCity": "Lower Prince’s Quarter"
              },
              "Maceio": {
                "exemplarCity": "Maceio"
              },
              "Managua": {
                "exemplarCity": "Managua"
              },
              "Manaus": {
                "exemplarCity": "Manaus"
              },
              "Marigot": {
                "exemplarCity": "Marigot"
              },
              "Martinique": {
                "exemplarCity": "Martinique"
              },
              "Matamoros": {
                "exemplarCity": "Matamoros"
              },
              "Mazatlan": {
                "exemplarCity": "Mazatlan"
              },
              "Mendoza": {
                "exemplarCity": "Mendoza"
              },
              "Menominee": {
                "exemplarCity": "Menominee"
              },
              "Merida": {
                "exemplarCity": "Merida"
              },
              "Metlakatla": {
                "exemplarCity": "Metlakatla"
              },
              "Mexico_City": {
                "exemplarCity": "Mexico City"
              },
              "Miquelon": {
                "exemplarCity": "Miquelon"
              },
              "Moncton": {
                "exemplarCity": "Moncton"
              },
              "Monterrey": {
                "exemplarCity": "Monterrey"
              },
              "Montevideo": {
                "exemplarCity": "Montevideo"
              },
              "Montserrat": {
                "exemplarCity": "Montserrat"
              },
              "Nassau": {
                "exemplarCity": "Nassau"
              },
              "New_York": {
                "exemplarCity": "New York"
              },
              "Nipigon": {
                "exemplarCity": "Nipigon"
              },
              "Nome": {
                "exemplarCity": "Nome"
              },
              "Noronha": {
                "exemplarCity": "Noronha"
              },
              "North_Dakota": {
                "Beulah": {
                  "exemplarCity": "Beulah, Sjeverna Dakota"
                },
                "New_Salem": {
                  "exemplarCity": "New Salem, Sjeverna Dakota"
                },
                "Center": {
                  "exemplarCity": "Center, Sjeverna Dakota"
                }
              },
              "Ojinaga": {
                "exemplarCity": "Ojinaga"
              },
              "Panama": {
                "exemplarCity": "Panama"
              },
              "Pangnirtung": {
                "exemplarCity": "Pangnirtung"
              },
              "Paramaribo": {
                "exemplarCity": "Paramaribo"
              },
              "Phoenix": {
                "exemplarCity": "Phoenix"
              },
              "Port-au-Prince": {
                "exemplarCity": "Port-au-Prince"
              },
              "Port_of_Spain": {
                "exemplarCity": "Port of Spain"
              },
              "Porto_Velho": {
                "exemplarCity": "Porto Velho"
              },
              "Puerto_Rico": {
                "exemplarCity": "Puerto Rico"
              },
              "Rainy_River": {
                "exemplarCity": "Rainy River"
              },
              "Rankin_Inlet": {
                "exemplarCity": "Rankin Inlet"
              },
              "Recife": {
                "exemplarCity": "Recife"
              },
              "Regina": {
                "exemplarCity": "Regina"
              },
              "Resolute": {
                "exemplarCity": "Resolute"
              },
              "Rio_Branco": {
                "exemplarCity": "Rio Branco"
              },
              "Santa_Isabel": {
                "exemplarCity": "Santa Isabel"
              },
              "Santarem": {
                "exemplarCity": "Santarem"
              },
              "Santiago": {
                "exemplarCity": "Santiago"
              },
              "Santo_Domingo": {
                "exemplarCity": "Santo Domingo"
              },
              "Sao_Paulo": {
                "exemplarCity": "Sao Paulo"
              },
              "Scoresbysund": {
                "exemplarCity": "Ittoqqortoormiit"
              },
              "Sitka": {
                "exemplarCity": "Sitka"
              },
              "St_Barthelemy": {
                "exemplarCity": "St. Barthelemy"
              },
              "St_Johns": {
                "exemplarCity": "St. John’s"
              },
              "St_Kitts": {
                "exemplarCity": "St. Kitts"
              },
              "St_Lucia": {
                "exemplarCity": "St. Lucia"
              },
              "St_Thomas": {
                "exemplarCity": "St. Thomas"
              },
              "St_Vincent": {
                "exemplarCity": "St. Vincent"
              },
              "Swift_Current": {
                "exemplarCity": "Swift Current"
              },
              "Tegucigalpa": {
                "exemplarCity": "Tegucigalpa"
              },
              "Thule": {
                "exemplarCity": "Thule"
              },
              "Thunder_Bay": {
                "exemplarCity": "Thunder Bay"
              },
              "Tijuana": {
                "exemplarCity": "Tijuana"
              },
              "Toronto": {
                "exemplarCity": "Toronto"
              },
              "Tortola": {
                "exemplarCity": "Tortola"
              },
              "Vancouver": {
                "exemplarCity": "Vancouver"
              },
              "Whitehorse": {
                "exemplarCity": "Whitehorse"
              },
              "Winnipeg": {
                "exemplarCity": "Winnipeg"
              },
              "Yakutat": {
                "exemplarCity": "Yakutat"
              },
              "Yellowknife": {
                "exemplarCity": "Yellowknife"
              }
            },
            "Atlantic": {
              "Azores": {
                "exemplarCity": "Azori"
              },
              "Bermuda": {
                "exemplarCity": "Bermuda"
              },
              "Canary": {
                "exemplarCity": "Canary"
              },
              "Cape_Verde": {
                "exemplarCity": "Cape Verde"
              },
              "Faeroe": {
                "exemplarCity": "Faroe"
              },
              "Madeira": {
                "exemplarCity": "Madeira"
              },
              "Reykjavik": {
                "exemplarCity": "Reykjavik"
              },
              "South_Georgia": {
                "exemplarCity": "South Georgia"
              },
              "St_Helena": {
                "exemplarCity": "St. Helena"
              },
              "Stanley": {
                "exemplarCity": "Stanley"
              }
            },
            "Europe": {
              "Amsterdam": {
                "exemplarCity": "Amsterdam"
              },
              "Andorra": {
                "exemplarCity": "Andora"
              },
              "Athens": {
                "exemplarCity": "Atina"
              },
              "Belgrade": {
                "exemplarCity": "Beograd"
              },
              "Berlin": {
                "exemplarCity": "Berlin"
              },
              "Bratislava": {
                "exemplarCity": "Bratislava"
              },
              "Brussels": {
                "exemplarCity": "Brussels"
              },
              "Bucharest": {
                "exemplarCity": "Bukurešt"
              },
              "Budapest": {
                "exemplarCity": "Budimpešta"
              },
              "Busingen": {
                "exemplarCity": "Busingen"
              },
              "Chisinau": {
                "exemplarCity": "Kišnjev"
              },
              "Copenhagen": {
                "exemplarCity": "Copenhagen"
              },
              "Dublin": {
                "long": {
                  "daylight": "Standardno irsko vrijeme"
                },
                "exemplarCity": "Dublin"
              },
              "Gibraltar": {
                "exemplarCity": "Gibraltar"
              },
              "Guernsey": {
                "exemplarCity": "Guernsey"
              },
              "Helsinki": {
                "exemplarCity": "Helsinki"
              },
              "Isle_of_Man": {
                "exemplarCity": "Ostrvo Man"
              },
              "Istanbul": {
                "exemplarCity": "Istanbul"
              },
              "Jersey": {
                "exemplarCity": "Jersey"
              },
              "Kaliningrad": {
                "exemplarCity": "Kalinjingrad"
              },
              "Kiev": {
                "exemplarCity": "Kiev"
              },
              "Lisbon": {
                "exemplarCity": "Lisabon"
              },
              "Ljubljana": {
                "exemplarCity": "Ljubljana"
              },
              "London": {
                "long": {
                  "daylight": "Britansko ljetno vrijeme"
                },
                "exemplarCity": "London"
              },
              "Luxembourg": {
                "exemplarCity": "Luxembourg"
              },
              "Madrid": {
                "exemplarCity": "Madrid"
              },
              "Malta": {
                "exemplarCity": "Malta"
              },
              "Mariehamn": {
                "exemplarCity": "Mariehamn"
              },
              "Minsk": {
                "exemplarCity": "Minsk"
              },
              "Monaco": {
                "exemplarCity": "Monaco"
              },
              "Moscow": {
                "exemplarCity": "Moskva"
              },
              "Oslo": {
                "exemplarCity": "Oslo"
              },
              "Paris": {
                "exemplarCity": "Paris"
              },
              "Podgorica": {
                "exemplarCity": "Podgorica"
              },
              "Prague": {
                "exemplarCity": "Prag"
              },
              "Riga": {
                "exemplarCity": "Riga"
              },
              "Rome": {
                "exemplarCity": "Rim"
              },
              "Samara": {
                "exemplarCity": "Samara"
              },
              "San_Marino": {
                "exemplarCity": "San Marino"
              },
              "Sarajevo": {
                "exemplarCity": "Sarajevo"
              },
              "Simferopol": {
                "exemplarCity": "Simferopolj"
              },
              "Skopje": {
                "exemplarCity": "Skopje"
              },
              "Sofia": {
                "exemplarCity": "Sofija"
              },
              "Stockholm": {
                "exemplarCity": "Stockholm"
              },
              "Tallinn": {
                "exemplarCity": "Tallinn"
              },
              "Tirane": {
                "exemplarCity": "Tirana"
              },
              "Uzhgorod": {
                "exemplarCity": "Užgorod"
              },
              "Vaduz": {
                "exemplarCity": "Vaduz"
              },
              "Vatican": {
                "exemplarCity": "Vatikan"
              },
              "Vienna": {
                "exemplarCity": "Vienna"
              },
              "Vilnius": {
                "exemplarCity": "Vilnius"
              },
              "Volgograd": {
                "exemplarCity": "Volgograd"
              },
              "Warsaw": {
                "exemplarCity": "Varšava"
              },
              "Zagreb": {
                "exemplarCity": "Zagreb"
              },
              "Zaporozhye": {
                "exemplarCity": "Zaporožje"
              },
              "Zurich": {
                "exemplarCity": "Zurich"
              }
            },
            "Africa": {
              "Abidjan": {
                "exemplarCity": "Abidjan"
              },
              "Accra": {
                "exemplarCity": "Accra"
              },
              "Addis_Ababa": {
                "exemplarCity": "Addis Ababa"
              },
              "Algiers": {
                "exemplarCity": "Algiers"
              },
              "Asmera": {
                "exemplarCity": "Asmara"
              },
              "Bamako": {
                "exemplarCity": "Bamako"
              },
              "Bangui": {
                "exemplarCity": "Bangui"
              },
              "Banjul": {
                "exemplarCity": "Banjul"
              },
              "Bissau": {
                "exemplarCity": "Bissau"
              },
              "Blantyre": {
                "exemplarCity": "Blantyre"
              },
              "Brazzaville": {
                "exemplarCity": "Brazzaville"
              },
              "Bujumbura": {
                "exemplarCity": "Bujumbura"
              },
              "Cairo": {
                "exemplarCity": "Cairo"
              },
              "Casablanca": {
                "exemplarCity": "Casablanca"
              },
              "Ceuta": {
                "exemplarCity": "Ceuta"
              },
              "Conakry": {
                "exemplarCity": "Conakry"
              },
              "Dakar": {
                "exemplarCity": "Dakar"
              },
              "Dar_es_Salaam": {
                "exemplarCity": "Dar es Salaam"
              },
              "Djibouti": {
                "exemplarCity": "Djibouti"
              },
              "Douala": {
                "exemplarCity": "Douala"
              },
              "El_Aaiun": {
                "exemplarCity": "El Aaiun"
              },
              "Freetown": {
                "exemplarCity": "Freetown"
              },
              "Gaborone": {
                "exemplarCity": "Gaborone"
              },
              "Harare": {
                "exemplarCity": "Harare"
              },
              "Johannesburg": {
                "exemplarCity": "Johannesburg"
              },
              "Juba": {
                "exemplarCity": "Juba"
              },
              "Kampala": {
                "exemplarCity": "Kampala"
              },
              "Khartoum": {
                "exemplarCity": "Khartoum"
              },
              "Kigali": {
                "exemplarCity": "Kigali"
              },
              "Kinshasa": {
                "exemplarCity": "Kinshasa"
              },
              "Lagos": {
                "exemplarCity": "Lagos"
              },
              "Libreville": {
                "exemplarCity": "Libreville"
              },
              "Lome": {
                "exemplarCity": "Lome"
              },
              "Luanda": {
                "exemplarCity": "Luanda"
              },
              "Lubumbashi": {
                "exemplarCity": "Lubumbashi"
              },
              "Lusaka": {
                "exemplarCity": "Lusaka"
              },
              "Malabo": {
                "exemplarCity": "Malabo"
              },
              "Maputo": {
                "exemplarCity": "Maputo"
              },
              "Maseru": {
                "exemplarCity": "Maseru"
              },
              "Mbabane": {
                "exemplarCity": "Mbabane"
              },
              "Mogadishu": {
                "exemplarCity": "Mogadishu"
              },
              "Monrovia": {
                "exemplarCity": "Monrovia"
              },
              "Nairobi": {
                "exemplarCity": "Nairobi"
              },
              "Ndjamena": {
                "exemplarCity": "Ndjamena"
              },
              "Niamey": {
                "exemplarCity": "Niamey"
              },
              "Nouakchott": {
                "exemplarCity": "Nouakchott"
              },
              "Ouagadougou": {
                "exemplarCity": "Ouagadougou"
              },
              "Porto-Novo": {
                "exemplarCity": "Porto-Novo"
              },
              "Sao_Tome": {
                "exemplarCity": "Sao Tome"
              },
              "Tripoli": {
                "exemplarCity": "Tripoli"
              },
              "Tunis": {
                "exemplarCity": "Tunis"
              },
              "Windhoek": {
                "exemplarCity": "Windhoek"
              }
            },
            "Asia": {
              "Aden": {
                "exemplarCity": "Aden"
              },
              "Almaty": {
                "exemplarCity": "Almati (Kazahstan)"
              },
              "Amman": {
                "exemplarCity": "Amman"
              },
              "Anadyr": {
                "exemplarCity": "Anadir"
              },
              "Aqtau": {
                "exemplarCity": "Aktau"
              },
              "Aqtobe": {
                "exemplarCity": "Akutobe"
              },
              "Ashgabat": {
                "exemplarCity": "Ašhabad"
              },
              "Baghdad": {
                "exemplarCity": "Baghdad"
              },
              "Bahrain": {
                "exemplarCity": "Bahrain"
              },
              "Baku": {
                "exemplarCity": "Baku"
              },
              "Bangkok": {
                "exemplarCity": "Bangkok"
              },
              "Beirut": {
                "exemplarCity": "Beirut"
              },
              "Bishkek": {
                "exemplarCity": "Biškek"
              },
              "Brunei": {
                "exemplarCity": "Bruneji"
              },
              "Calcutta": {
                "exemplarCity": "Kolkata"
              },
              "Chita": {
                "exemplarCity": "Chita"
              },
              "Choibalsan": {
                "exemplarCity": "Čojbalsan"
              },
              "Colombo": {
                "exemplarCity": "Kolombo"
              },
              "Damascus": {
                "exemplarCity": "Damascus"
              },
              "Dhaka": {
                "exemplarCity": "Daka"
              },
              "Dili": {
                "exemplarCity": "Dili"
              },
              "Dubai": {
                "exemplarCity": "Dubai"
              },
              "Dushanbe": {
                "exemplarCity": "Dušanbe"
              },
              "Gaza": {
                "exemplarCity": "Gaza"
              },
              "Hebron": {
                "exemplarCity": "Hebron"
              },
              "Hong_Kong": {
                "exemplarCity": "Hong Kong"
              },
              "Hovd": {
                "exemplarCity": "Hovd"
              },
              "Irkutsk": {
                "exemplarCity": "Irkutsk"
              },
              "Jakarta": {
                "exemplarCity": "Džakarta"
              },
              "Jayapura": {
                "exemplarCity": "Džajapura"
              },
              "Jerusalem": {
                "exemplarCity": "Jerusalem"
              },
              "Kabul": {
                "exemplarCity": "Kabul"
              },
              "Kamchatka": {
                "exemplarCity": "Kamčatka"
              },
              "Karachi": {
                "exemplarCity": "Karachi"
              },
              "Katmandu": {
                "exemplarCity": "Katmandu"
              },
              "Khandyga": {
                "exemplarCity": "Handiga"
              },
              "Krasnoyarsk": {
                "exemplarCity": "Krasnojarsk"
              },
              "Kuala_Lumpur": {
                "exemplarCity": "Kuala Lumpur"
              },
              "Kuching": {
                "exemplarCity": "Kučing"
              },
              "Kuwait": {
                "exemplarCity": "Kuwait"
              },
              "Macau": {
                "exemplarCity": "Makau"
              },
              "Magadan": {
                "exemplarCity": "Magadan"
              },
              "Makassar": {
                "exemplarCity": "Makasar"
              },
              "Manila": {
                "exemplarCity": "Manila"
              },
              "Muscat": {
                "exemplarCity": "Muscat"
              },
              "Nicosia": {
                "exemplarCity": "Nicosia"
              },
              "Novokuznetsk": {
                "exemplarCity": "Novokuznjeck"
              },
              "Novosibirsk": {
                "exemplarCity": "Novosibirsk"
              },
              "Omsk": {
                "exemplarCity": "Omsk"
              },
              "Oral": {
                "exemplarCity": "Oral (Kazakhstan)"
              },
              "Phnom_Penh": {
                "exemplarCity": "Pnom Pen"
              },
              "Pontianak": {
                "exemplarCity": "Pontianak"
              },
              "Pyongyang": {
                "exemplarCity": "Pjongjang"
              },
              "Qatar": {
                "exemplarCity": "Qatar"
              },
              "Qyzylorda": {
                "exemplarCity": "Kizilorda"
              },
              "Rangoon": {
                "exemplarCity": "Rangun"
              },
              "Riyadh": {
                "exemplarCity": "Riyadh"
              },
              "Saigon": {
                "exemplarCity": "Ho Ši Min"
              },
              "Sakhalin": {
                "exemplarCity": "Sahalin"
              },
              "Samarkand": {
                "exemplarCity": "Samarkand (Uzbekistan)"
              },
              "Seoul": {
                "exemplarCity": "Seul"
              },
              "Shanghai": {
                "exemplarCity": "Šangaj"
              },
              "Singapore": {
                "exemplarCity": "Singapur"
              },
              "Srednekolymsk": {
                "exemplarCity": "Srednekolymsk"
              },
              "Taipei": {
                "exemplarCity": "Tajpej"
              },
              "Tashkent": {
                "exemplarCity": "Taškent"
              },
              "Tbilisi": {
                "exemplarCity": "Tbilisi"
              },
              "Tehran": {
                "exemplarCity": "Teheran"
              },
              "Thimphu": {
                "exemplarCity": "Thimphu"
              },
              "Tokyo": {
                "exemplarCity": "Tokio"
              },
              "Ulaanbaatar": {
                "exemplarCity": "Ulan Bator"
              },
              "Urumqi": {
                "exemplarCity": "Urumći"
              },
              "Ust-Nera": {
                "exemplarCity": "Ust-Nera"
              },
              "Vientiane": {
                "exemplarCity": "Vijetijan"
              },
              "Vladivostok": {
                "exemplarCity": "Vladivostok"
              },
              "Yakutsk": {
                "exemplarCity": "Jakutsk"
              },
              "Yekaterinburg": {
                "exemplarCity": "Jekaterinburg"
              },
              "Yerevan": {
                "exemplarCity": "Jerevan"
              }
            },
            "Indian": {
              "Antananarivo": {
                "exemplarCity": "Antananarivo"
              },
              "Chagos": {
                "exemplarCity": "Chagos"
              },
              "Christmas": {
                "exemplarCity": "Božićno Ostrvo"
              },
              "Cocos": {
                "exemplarCity": "Kokosova Ostrva"
              },
              "Comoro": {
                "exemplarCity": "Comoro"
              },
              "Kerguelen": {
                "exemplarCity": "Kerguelen"
              },
              "Mahe": {
                "exemplarCity": "Mahe"
              },
              "Maldives": {
                "exemplarCity": "Maldivi"
              },
              "Mauritius": {
                "exemplarCity": "Mauritius"
              },
              "Mayotte": {
                "exemplarCity": "Mayotte"
              },
              "Reunion": {
                "exemplarCity": "Reunion"
              }
            },
            "Australia": {
              "Adelaide": {
                "exemplarCity": "Adelaide"
              },
              "Brisbane": {
                "exemplarCity": "Brisbane"
              },
              "Broken_Hill": {
                "exemplarCity": "Broken Hil (Australija)"
              },
              "Currie": {
                "exemplarCity": "Kurie (Australija)"
              },
              "Darwin": {
                "exemplarCity": "Darwin"
              },
              "Eucla": {
                "exemplarCity": "Eucla"
              },
              "Hobart": {
                "exemplarCity": "Hobart"
              },
              "Lindeman": {
                "exemplarCity": "Lindeman"
              },
              "Lord_Howe": {
                "exemplarCity": "Lord Howe"
              },
              "Melbourne": {
                "exemplarCity": "Melbourne"
              },
              "Perth": {
                "exemplarCity": "Perth"
              },
              "Sydney": {
                "exemplarCity": "Sydney"
              }
            },
            "Pacific": {
              "Apia": {
                "exemplarCity": "Apija"
              },
              "Auckland": {
                "exemplarCity": "Auckland"
              },
              "Bougainville": {
                "exemplarCity": "Bougainville"
              },
              "Chatham": {
                "exemplarCity": "Chatham"
              },
              "Easter": {
                "exemplarCity": "Easter"
              },
              "Efate": {
                "exemplarCity": "Efate"
              },
              "Enderbury": {
                "exemplarCity": "Enderbury"
              },
              "Fakaofo": {
                "exemplarCity": "Fakaofo"
              },
              "Fiji": {
                "exemplarCity": "Fiji"
              },
              "Funafuti": {
                "exemplarCity": "Funafuti"
              },
              "Galapagos": {
                "exemplarCity": "Galapagos"
              },
              "Gambier": {
                "exemplarCity": "Gambier"
              },
              "Guadalcanal": {
                "exemplarCity": "Guadalcanal"
              },
              "Guam": {
                "exemplarCity": "Guam"
              },
              "Honolulu": {
                "exemplarCity": "Honolulu"
              },
              "Johnston": {
                "exemplarCity": "Johnston"
              },
              "Kiritimati": {
                "exemplarCity": "Kiritimati"
              },
              "Kosrae": {
                "exemplarCity": "Kosrae"
              },
              "Kwajalein": {
                "exemplarCity": "Kwajalein"
              },
              "Majuro": {
                "exemplarCity": "Majuro"
              },
              "Marquesas": {
                "exemplarCity": "Marquesas"
              },
              "Midway": {
                "exemplarCity": "Midway"
              },
              "Nauru": {
                "exemplarCity": "Nauru"
              },
              "Niue": {
                "exemplarCity": "Niue"
              },
              "Norfolk": {
                "exemplarCity": "Norfolk"
              },
              "Noumea": {
                "exemplarCity": "Noumea"
              },
              "Pago_Pago": {
                "exemplarCity": "Pago Pago"
              },
              "Palau": {
                "exemplarCity": "Palau"
              },
              "Pitcairn": {
                "exemplarCity": "Pitcairn"
              },
              "Ponape": {
                "exemplarCity": "Pohnpei"
              },
              "Port_Moresby": {
                "exemplarCity": "Port Moresby"
              },
              "Rarotonga": {
                "exemplarCity": "Rarotonga"
              },
              "Saipan": {
                "exemplarCity": "Saipan"
              },
              "Tahiti": {
                "exemplarCity": "Tahiti"
              },
              "Tarawa": {
                "exemplarCity": "Tarawa"
              },
              "Tongatapu": {
                "exemplarCity": "Tongatapu"
              },
              "Truk": {
                "exemplarCity": "Chuuk"
              },
              "Wake": {
                "exemplarCity": "Wake"
              },
              "Wallis": {
                "exemplarCity": "Valis"
              }
            },
            "Arctic": {
              "Longyearbyen": {
                "exemplarCity": "Longyearbyen"
              }
            },
            "Antarctica": {
              "Casey": {
                "exemplarCity": "Casey"
              },
              "Davis": {
                "exemplarCity": "Davis"
              },
              "DumontDUrville": {
                "exemplarCity": "Dumont d’Urville"
              },
              "Macquarie": {
                "exemplarCity": "Macquarie"
              },
              "Mawson": {
                "exemplarCity": "Mawson"
              },
              "McMurdo": {
                "exemplarCity": "McMurdo"
              },
              "Palmer": {
                "exemplarCity": "Palmer"
              },
              "Rothera": {
                "exemplarCity": "Rothera"
              },
              "Syowa": {
                "exemplarCity": "Syowa"
              },
              "Troll": {
                "exemplarCity": "Troll"
              },
              "Vostok": {
                "exemplarCity": "Vostok"
              }
            },
            "Etc": {
              "GMT": {
                "exemplarCity": "GMT"
              },
              "GMT1": {
                "exemplarCity": "GMT+1"
              },
              "GMT10": {
                "exemplarCity": "GMT+10"
              },
              "GMT11": {
                "exemplarCity": "GMT+11"
              },
              "GMT12": {
                "exemplarCity": "GMT+12"
              },
              "GMT2": {
                "exemplarCity": "GMT+2"
              },
              "GMT3": {
                "exemplarCity": "GMT+3"
              },
              "GMT4": {
                "exemplarCity": "GMT+4"
              },
              "GMT5": {
                "exemplarCity": "GMT+5"
              },
              "GMT6": {
                "exemplarCity": "GMT+6"
              },
              "GMT7": {
                "exemplarCity": "GMT+7"
              },
              "GMT8": {
                "exemplarCity": "GMT+8"
              },
              "GMT9": {
                "exemplarCity": "GMT+9"
              },
              "GMT-1": {
                "exemplarCity": "GMT-1"
              },
              "GMT-10": {
                "exemplarCity": "GMT-10"
              },
              "GMT-11": {
                "exemplarCity": "GMT-11"
              },
              "GMT-12": {
                "exemplarCity": "GMT-12"
              },
              "GMT-13": {
                "exemplarCity": "GMT-13"
              },
              "GMT-14": {
                "exemplarCity": "GMT-14"
              },
              "GMT-2": {
                "exemplarCity": "GMT-2"
              },
              "GMT-3": {
                "exemplarCity": "GMT-3"
              },
              "GMT-4": {
                "exemplarCity": "GMT-4"
              },
              "GMT-5": {
                "exemplarCity": "GMT-5"
              },
              "GMT-6": {
                "exemplarCity": "GMT-6"
              },
              "GMT-7": {
                "exemplarCity": "GMT-7"
              },
              "GMT-8": {
                "exemplarCity": "GMT-8"
              },
              "GMT-9": {
                "exemplarCity": "GMT-9"
              },
              "Unknown": {
                "exemplarCity": "Nepoznati grad"
              }
            }
          },
          "metazone": {
            "Acre": {
              "long": {
                "generic": "Acre vreme",
                "standard": "Acre standardno vreme",
                "daylight": "Acre letnje računanje vremena"
              }
            },
            "Afghanistan": {
              "long": {
                "standard": "Afganistansko vrijeme"
              }
            },
            "Africa_Central": {
              "long": {
                "standard": "Centralnoafričko vrijeme"
              }
            },
            "Africa_Eastern": {
              "long": {
                "standard": "Istočnoafričko vrijeme"
              }
            },
            "Africa_Southern": {
              "long": {
                "standard": "Standardno južnoafričko vrijeme"
              }
            },
            "Africa_Western": {
              "long": {
                "generic": "Zapadnoafričko vrijeme",
                "standard": "Standardno zapadnoafričko vrijeme",
                "daylight": "Zapadnoafričko ljetno računanje vremena"
              }
            },
            "Alaska": {
              "long": {
                "generic": "Aljaskansko vrijeme",
                "standard": "Standardno aljaskansko vrijeme",
                "daylight": "Aljaskansko ljetno računanje vremena"
              }
            },
            "Almaty": {
              "long": {
                "generic": "Almatu vreme",
                "standard": "Almatu standardno vreme",
                "daylight": "Almatu letnje računanje vremena"
              }
            },
            "Amazon": {
              "long": {
                "generic": "Amazonsko vrijeme",
                "standard": "Standardno amazonsko vrijeme",
                "daylight": "Amazonsko ljetno računanje vremena"
              }
            },
            "America_Central": {
              "long": {
                "generic": "Centralno vrijeme (SAD)",
                "standard": "Standardno centralno vrijeme (SAD)",
                "daylight": "Ljetno računanje centralnog vremena (SAD)"
              }
            },
            "America_Eastern": {
              "long": {
                "generic": "Istočno vrijeme (SAD)",
                "standard": "Standardno istočno vrijeme (SAD)",
                "daylight": "Ljetno računanje istočnog vremena (SAD)"
              }
            },
            "America_Mountain": {
              "long": {
                "generic": "Planinsko vrijeme (SAD)",
                "standard": "Standardno planinsko vrijeme (SAD)",
                "daylight": "Ljetno računanje planinskog vremena (SAD)"
              }
            },
            "America_Pacific": {
              "long": {
                "generic": "Pacifičko vrijeme (SAD)",
                "standard": "Standardno pacifičko vrijeme (SAD)",
                "daylight": "Ljetno računanje pacifičkog vremena (SAD)"
              }
            },
            "Anadyr": {
              "long": {
                "generic": "Anadir vreme",
                "standard": "Anadir standardno vreme",
                "daylight": "Anadir letnje računanje vremena"
              }
            },
            "Apia": {
              "long": {
                "generic": "Apijsko vrijeme",
                "standard": "Apijsko standardno vrijeme",
                "daylight": "Apijsko ljetno vrijeme"
              }
            },
            "Aqtau": {
              "long": {
                "generic": "Akvtau vreme",
                "standard": "Akvtau standardno vreme",
                "daylight": "Akvtau letnje računanje vremena"
              }
            },
            "Aqtobe": {
              "long": {
                "generic": "Akvtobe vreme",
                "standard": "Akvtobe standardno vreme",
                "daylight": "Akvtobe letnje računanje vremena"
              }
            },
            "Arabian": {
              "long": {
                "generic": "Arabijsko vrijeme",
                "standard": "Standardno arabijsko vrijeme",
                "daylight": "Arabijsko ljetno računanje vremena"
              }
            },
            "Argentina": {
              "long": {
                "generic": "Argentinsko vrijeme",
                "standard": "Standardno argentinsko vrijeme",
                "daylight": "Argentinsko ljetno računanje vremena"
              }
            },
            "Argentina_Western": {
              "long": {
                "generic": "Zapadnoargentinsko vrijeme",
                "standard": "Standardno zapadnoargentinsko vrijeme",
                "daylight": "Zapadnoargentinsko ljetno računanje vremena"
              }
            },
            "Armenia": {
              "long": {
                "generic": "Jermenijsko vrijeme",
                "standard": "Standardno jermenijsko vrijeme",
                "daylight": "Jermenijsko ljetno računanje vremena"
              }
            },
            "Atlantic": {
              "long": {
                "generic": "Atlantsko vrijeme",
                "standard": "Standardno atlantsko vrijeme",
                "daylight": "Ljetno računanje atlantskog vremena"
              }
            },
            "Australia_Central": {
              "long": {
                "generic": "Centralnoaustralijsko vrijeme",
                "standard": "Standardno centralnoaustralijsko vrijeme",
                "daylight": "Centralnoaustralijsko ljetno računanje vremena"
              }
            },
            "Australia_CentralWestern": {
              "long": {
                "generic": "Australijsko centralno zapadno vrijeme",
                "standard": "Standardno australijsko centralno zapadno vrijeme",
                "daylight": "Australijsko centralno zapadno ljetno računanje vremena"
              }
            },
            "Australia_Eastern": {
              "long": {
                "generic": "Istočnoaustralijsko vrijeme",
                "standard": "Standardno istočnoaustralijsko vrijeme",
                "daylight": "Istočnoaustralijsko ljetno računanje vremena"
              }
            },
            "Australia_Western": {
              "long": {
                "generic": "Zapadnoaustralijsko vrijeme",
                "standard": "Standardno zapadnoaustralijsko vrijeme",
                "daylight": "Zapadnoaustralijsko ljetno računanje vremena"
              }
            },
            "Azerbaijan": {
              "long": {
                "generic": "Azerbejdžansko vrijeme",
                "standard": "Standardno azerbejdžansko vrijeme",
                "daylight": "Azerbejdžansko ljetno računanje vremena"
              }
            },
            "Azores": {
              "long": {
                "generic": "Azorsko vrijeme",
                "standard": "Standardno azorsko vrijeme",
                "daylight": "Azorsko ljetno računanje vremena"
              }
            },
            "Bangladesh": {
              "long": {
                "generic": "Bangladeško vrijeme",
                "standard": "Standardno bangladeško vrijeme",
                "daylight": "Bangladeško ljetno računanje vremena"
              }
            },
            "Bhutan": {
              "long": {
                "standard": "Butansko vrijeme"
              }
            },
            "Bolivia": {
              "long": {
                "standard": "Bolivijsko vrijeme"
              }
            },
            "Brasilia": {
              "long": {
                "generic": "Brazilijsko vrijeme",
                "standard": "Standardno brazilijsko vrijeme",
                "daylight": "Brazilijsko ljetno računanje vremena"
              }
            },
            "Brunei": {
              "long": {
                "standard": "Brunejsko vrijeme"
              }
            },
            "Cape_Verde": {
              "long": {
                "generic": "Vrijeme Zelenortskih ostrva",
                "standard": "Standardno vrijeme Zelenortskih ostrva",
                "daylight": "Ljetno računanje vremena Zelenortskih ostrva"
              }
            },
            "Chamorro": {
              "long": {
                "standard": "Standardno čamorsko vrijeme"
              }
            },
            "Chatham": {
              "long": {
                "generic": "Čatamsko vrijeme",
                "standard": "Standardno čatamsko vrijeme",
                "daylight": "Čatamsko ljetno računanje vremena"
              }
            },
            "Chile": {
              "long": {
                "generic": "Čileansko vrijeme",
                "standard": "Standardno čileansko vrijeme",
                "daylight": "Čileansko ljetno računanje vremena"
              }
            },
            "China": {
              "long": {
                "generic": "Kinesko vrijeme",
                "standard": "Standardno kinesko vrijeme",
                "daylight": "Kinesko ljetno računanje vremena"
              }
            },
            "Choibalsan": {
              "long": {
                "generic": "Čojbalsansko vrijeme",
                "standard": "Standardno čojbalsansko vrijeme",
                "daylight": "Čojbalsansko ljetno računanje vremena"
              }
            },
            "Christmas": {
              "long": {
                "standard": "Vrijeme na Božićnom Ostrvu"
              }
            },
            "Cocos": {
              "long": {
                "standard": "Vrijeme na Ostrvima Kokos"
              }
            },
            "Colombia": {
              "long": {
                "generic": "Kolumbijsko vrijeme",
                "standard": "Standardno kolumbijsko vrijeme",
                "daylight": "Kolumbijsko ljetno računanje vremena"
              }
            },
            "Cook": {
              "long": {
                "generic": "Vrijeme na Kukovim ostrvima",
                "standard": "Standardno vrijeme na Kukovim ostrvima",
                "daylight": "Poluljetno računanje vremena na Kukovim ostrvima"
              }
            },
            "Cuba": {
              "long": {
                "generic": "Kubansko vrijeme",
                "standard": "Standardno kubansko vrijeme",
                "daylight": "Kubansko ljetno račuananje vremena"
              }
            },
            "Davis": {
              "long": {
                "standard": "Vrijeme stanice Dejvis"
              }
            },
            "DumontDUrville": {
              "long": {
                "standard": "Vrijeme stanice Dimon d’Urvil"
              }
            },
            "East_Timor": {
              "long": {
                "standard": "Vrijeme Istočnog Timora"
              }
            },
            "Easter": {
              "long": {
                "generic": "Uskršnjeostrvsko vrijeme",
                "standard": "Standardno uskršnjeostrvsko vrijeme",
                "daylight": "Uskršnjeostrvsko ljetno računanje vremena"
              }
            },
            "Ecuador": {
              "long": {
                "standard": "Ekvadorsko vrijeme"
              }
            },
            "Europe_Central": {
              "long": {
                "generic": "Centralnoevropsko vrijeme",
                "standard": "Standardno centralnoevropsko vrijeme",
                "daylight": "Centralnoevropsko ljetno računanje vremena"
              }
            },
            "Europe_Eastern": {
              "long": {
                "generic": "Istočnoevropsko vrijeme",
                "standard": "Standardno istočnoevropsko vrijeme",
                "daylight": "Istočnoevropsko ljetno računanje vremena"
              }
            },
            "Europe_Further_Eastern": {
              "long": {
                "standard": "Dalje istočnoevropsko vrijeme"
              }
            },
            "Europe_Western": {
              "long": {
                "generic": "Zapadnoevropsko vrijeme",
                "standard": "Standardno zapadnoevropsko vrijeme",
                "daylight": "Zapadnoevropsko ljetno računanje vremena"
              }
            },
            "Falkland": {
              "long": {
                "generic": "Folklandsko vrijeme",
                "standard": "Standardno folklandsko vrijeme",
                "daylight": "Folklandsko ljetno računanje vremena"
              }
            },
            "Fiji": {
              "long": {
                "generic": "Vrijeme na Fidžiju",
                "standard": "Standardno vrijeme na Fidžiju",
                "daylight": "Ljetno računanje vremena na Fidžiju"
              }
            },
            "French_Guiana": {
              "long": {
                "standard": "Vrijeme Francuske Gvajane"
              }
            },
            "French_Southern": {
              "long": {
                "standard": "Vrijeme francuskih južnih teritorija i Antarktika"
              }
            },
            "Galapagos": {
              "long": {
                "standard": "Galapagosko vrijeme"
              }
            },
            "Gambier": {
              "long": {
                "standard": "Gambijersko vrijeme"
              }
            },
            "Georgia": {
              "long": {
                "generic": "Gruzijsko vrijeme",
                "standard": "Standardno gruzijsko vrijeme",
                "daylight": "Gruzijsko ljetno računanje vremena"
              }
            },
            "Gilbert_Islands": {
              "long": {
                "standard": "Vrijeme na Gilbertovim ostrvima"
              }
            },
            "GMT": {
              "long": {
                "standard": "Vrijeme po Grinviču"
              }
            },
            "Greenland_Eastern": {
              "long": {
                "generic": "Istočnogrenlandsko vrijeme",
                "standard": "Standardno istočnogrenlandsko vrijeme",
                "daylight": "Istočnogrenlandsko ljetno računanje vremena"
              }
            },
            "Greenland_Western": {
              "long": {
                "generic": "Zapadnogrenlandsko vrijeme",
                "standard": "Standardno zapadnogrenlandsko vrijeme",
                "daylight": "Zapadnogrenlandsko ljetno računanje vremena"
              }
            },
            "Guam": {
              "long": {
                "standard": "Guam standardno vreme"
              }
            },
            "Gulf": {
              "long": {
                "standard": "Standardno zalivsko vrijeme"
              }
            },
            "Guyana": {
              "long": {
                "standard": "Gvajansko vrijeme"
              }
            },
            "Hawaii_Aleutian": {
              "long": {
                "generic": "Havajsko-aleućansko vrijeme",
                "standard": "Standardno havajsko-aleućansko vrijeme",
                "daylight": "Havajsko-aleućansko ljetno rečunanje vremena"
              }
            },
            "Hong_Kong": {
              "long": {
                "generic": "Hongkonško vrijeme",
                "standard": "Standardno hongkonško vrijeme",
                "daylight": "Hongkonško ljetno računanje vremena"
              }
            },
            "Hovd": {
              "long": {
                "generic": "Hovdsko vrijeme",
                "standard": "Standardno hovdsko vrijeme",
                "daylight": "Hovdsko ljetno računanje vremena"
              }
            },
            "India": {
              "long": {
                "standard": "Standardno indijsko vrijeme"
              }
            },
            "Indian_Ocean": {
              "long": {
                "standard": "Vrijeme na Indijskom okeanu"
              }
            },
            "Indochina": {
              "long": {
                "standard": "Indokinesko vrijeme"
              }
            },
            "Indonesia_Central": {
              "long": {
                "standard": "Centralnoindonezijsko vrijeme"
              }
            },
            "Indonesia_Eastern": {
              "long": {
                "standard": "Istočnoindonezijsko vrijeme"
              }
            },
            "Indonesia_Western": {
              "long": {
                "standard": "Zapadnoindonezijsko vrijeme"
              }
            },
            "Iran": {
              "long": {
                "generic": "Iransko vrijeme",
                "standard": "Standardno iransko vrijeme",
                "daylight": "Iransko ljetno računanje vremena"
              }
            },
            "Irkutsk": {
              "long": {
                "generic": "Irkutsko vrijeme",
                "standard": "Standardno irkutsko vrijeme",
                "daylight": "Irkutsko ljetno računanje vremena"
              }
            },
            "Israel": {
              "long": {
                "generic": "Izraelsko vrijeme",
                "standard": "Standradno izraelsko vrijeme",
                "daylight": "Izraelsko ljetno računanje vremena"
              }
            },
            "Japan": {
              "long": {
                "generic": "Japansko vrijeme",
                "standard": "Standardno japansko vrijeme",
                "daylight": "Japansko ljetno računanje vremena"
              }
            },
            "Kamchatka": {
              "long": {
                "generic": "Petropavlovsk-Kamčatski vreme",
                "standard": "Petropavlovsk-Kamčatski standardno vreme",
                "daylight": "Petropavlovsk-Kamčatski letnje računanje vremena"
              }
            },
            "Kazakhstan_Eastern": {
              "long": {
                "standard": "Istočnokazahstansko vrijeme"
              }
            },
            "Kazakhstan_Western": {
              "long": {
                "standard": "Zapadnokazahstansko vrijeme"
              }
            },
            "Korea": {
              "long": {
                "generic": "Korejsko vrijeme",
                "standard": "Standardno korejsko vrijeme",
                "daylight": "Korejsko ljetno računanje vremena"
              }
            },
            "Kosrae": {
              "long": {
                "standard": "Vrijeme na Ostrvu Kosrae"
              }
            },
            "Krasnoyarsk": {
              "long": {
                "generic": "Krasnojarsko vrijeme",
                "standard": "Standardno krasnojarsko vrijeme",
                "daylight": "Kranojarsko ljetno računanje vremena"
              }
            },
            "Kyrgystan": {
              "long": {
                "standard": "Kirgistansko vrijeme"
              }
            },
            "Lanka": {
              "long": {
                "standard": "Lanka vreme"
              }
            },
            "Line_Islands": {
              "long": {
                "standard": "Vrijeme na Ostrvima Lajn"
              }
            },
            "Lord_Howe": {
              "long": {
                "generic": "Vrijeme na Ostrvu Lord Hau",
                "standard": "Standardno vrijeme na Ostrvu Lord Hau",
                "daylight": "Ljetno računanje vremena na Ostrvu Lord Hau"
              }
            },
            "Macau": {
              "long": {
                "generic": "Makao vreme",
                "standard": "Makao standardno vreme",
                "daylight": "Makao letnje računanje vremena"
              }
            },
            "Macquarie": {
              "long": {
                "standard": "Vrijeme na Ostrvu Makvori"
              }
            },
            "Magadan": {
              "long": {
                "generic": "Magadansko vrijeme",
                "standard": "Standardno magadansko vrijeme",
                "daylight": "Magadansko ljetno računanje vremena"
              }
            },
            "Malaysia": {
              "long": {
                "standard": "Malezijsko vrijeme"
              }
            },
            "Maldives": {
              "long": {
                "standard": "Maldivsko vrijeme"
              }
            },
            "Marquesas": {
              "long": {
                "standard": "Vrijeme na Ostrvima Markiz"
              }
            },
            "Marshall_Islands": {
              "long": {
                "standard": "Vrijeme na Maršalskim ostrvima"
              }
            },
            "Mauritius": {
              "long": {
                "generic": "Mauricijsko vrijeme",
                "standard": "Standardno mauricijsko vrijeme",
                "daylight": "Mauricijsko ljetno računanje vremena"
              }
            },
            "Mawson": {
              "long": {
                "standard": "Vrijeme stanice Moson"
              }
            },
            "Mexico_Northwest": {
              "long": {
                "generic": "Vrijeme Sjeverozapadnog Meksika",
                "standard": "Standardno vrijeme Sjeverozapadnog Meksika",
                "daylight": "Ljetno računanje vremena Sjeverozapadnog Meksika"
              }
            },
            "Mexico_Pacific": {
              "long": {
                "generic": "Meksičko pacifičko vrijeme",
                "standard": "Standardno meksičko pacifičko vrijeme",
                "daylight": "Meksičko pacifičko ljetno računanje vremena"
              }
            },
            "Mongolia": {
              "long": {
                "generic": "Ulanbatorsko vrijeme",
                "standard": "Standardno ulanbatorsko vrijeme",
                "daylight": "Ulanbatorsko ljetno računanje vremena"
              }
            },
            "Moscow": {
              "long": {
                "generic": "Moskovsko vrijeme",
                "standard": "Standardno moskovsko vrijeme",
                "daylight": "Moskovsko ljetno računanje vremena"
              }
            },
            "Myanmar": {
              "long": {
                "standard": "Mijanmarsko vrijeme"
              }
            },
            "Nauru": {
              "long": {
                "standard": "Vrijeme na Ostrvu Nauru"
              }
            },
            "Nepal": {
              "long": {
                "standard": "Nepalsko vrijeme"
              }
            },
            "New_Caledonia": {
              "long": {
                "generic": "Novokaledonijsko vrijeme",
                "standard": "Standardno novokaledonijsko vrijeme",
                "daylight": "Novokaledonijsko ljetno računanje vremena"
              }
            },
            "New_Zealand": {
              "long": {
                "generic": "Novozelandsko vrijeme",
                "standard": "Standardno novozelandsko vrijeme",
                "daylight": "Novozelandsko ljetno računanje vremena"
              }
            },
            "Newfoundland": {
              "long": {
                "generic": "Njufaundlendsko vrijeme",
                "standard": "Standardno njufaundlendsko vrijeme",
                "daylight": "Njufaundlendsko ljetno računanje vremena"
              }
            },
            "Niue": {
              "long": {
                "standard": "Vrijeme na Ostrvu Niju"
              }
            },
            "Norfolk": {
              "long": {
                "standard": "Norfolško vrijeme"
              }
            },
            "Noronha": {
              "long": {
                "generic": "Vrijeme na ostrvu Fernando di Noronja",
                "standard": "Standardno vrijeme na ostrvu Fernando di Noronja",
                "daylight": "Ljetno računanje vremena na ostrvu Fernando di Noronja"
              }
            },
            "North_Mariana": {
              "long": {
                "standard": "Severna Marijanska Ostrva vreme"
              }
            },
            "Novosibirsk": {
              "long": {
                "generic": "Novosibirsko vrijeme",
                "standard": "Standardno novosibirsko vrijeme",
                "daylight": "Novosibirsko ljetno računanje vremena"
              }
            },
            "Omsk": {
              "long": {
                "generic": "Omsko vrijeme",
                "standard": "Standardno omsko vrijeme",
                "daylight": "Omsko ljetno računanje vremena"
              }
            },
            "Pakistan": {
              "long": {
                "generic": "Pakistansko vrijeme",
                "standard": "Standardno pakistansko vrijeme",
                "daylight": "Pakistansko ljetno računanje vremena"
              }
            },
            "Palau": {
              "long": {
                "standard": "Vrijeme na Ostrvu Palau"
              }
            },
            "Papua_New_Guinea": {
              "long": {
                "standard": "Vrijeme na Papua Novoj Gvineji"
              }
            },
            "Paraguay": {
              "long": {
                "generic": "Paragvajsko vrijeme",
                "standard": "Standardno paragvajsko vrijeme",
                "daylight": "Paragvajsko ljetno računanje vremena"
              }
            },
            "Peru": {
              "long": {
                "generic": "Peruansko vrijeme",
                "standard": "Standardno peruansko vrijeme",
                "daylight": "Peruansko ljetno računanje vremena"
              }
            },
            "Philippines": {
              "long": {
                "generic": "Filipinsko vrijeme",
                "standard": "Standardno filipinsko vrijeme",
                "daylight": "Filipinsko ljetno računanje vremena"
              }
            },
            "Phoenix_Islands": {
              "long": {
                "standard": "Vrijeme na Ostrvima Finiks"
              }
            },
            "Pierre_Miquelon": {
              "long": {
                "generic": "Vrijeme na Ostrvima Sen Pjer i Mikelon",
                "standard": "Standardno vrijeme na Ostrvima Sen Pjer i Mikelon",
                "daylight": "Ljetno računanje vremena na Ostrvima Sen Pjer i Mikelon"
              }
            },
            "Pitcairn": {
              "long": {
                "standard": "Vrijeme na Ostrvu Pitkern"
              }
            },
            "Ponape": {
              "long": {
                "standard": "Vrijeme na Ostrvu Ponape"
              }
            },
            "Qyzylorda": {
              "long": {
                "generic": "Kizilorda vreme",
                "standard": "Kizilorda standardno vreme",
                "daylight": "Kizilorda letnje računanje vremena"
              }
            },
            "Reunion": {
              "long": {
                "standard": "Vrijeme na Ostrvu Rejunion"
              }
            },
            "Rothera": {
              "long": {
                "standard": "Vrijeme stanice Rotera"
              }
            },
            "Sakhalin": {
              "long": {
                "generic": "Sahalinsko vrijeme",
                "standard": "Standardno sahalinsko vrijeme",
                "daylight": "Sahalinsko ljetno računanje vremena"
              }
            },
            "Samara": {
              "long": {
                "generic": "Samara vreme",
                "standard": "Samara standardno vreme",
                "daylight": "Samara letnje računanje vremena"
              }
            },
            "Samoa": {
              "long": {
                "generic": "Samoansko vrijeme",
                "standard": "Standardno samoansko vrijeme",
                "daylight": "Samoansko ljetno računanje vremena"
              }
            },
            "Seychelles": {
              "long": {
                "standard": "Sejšelsko vrijeme"
              }
            },
            "Singapore": {
              "long": {
                "standard": "Standardno singapursko vrijeme"
              }
            },
            "Solomon": {
              "long": {
                "standard": "Vrijeme na Solomonskim ostrvima"
              }
            },
            "South_Georgia": {
              "long": {
                "standard": "Južnodžordžijsko vrijeme"
              }
            },
            "Suriname": {
              "long": {
                "standard": "Surinamsko vrijeme"
              }
            },
            "Syowa": {
              "long": {
                "standard": "Vrijeme stanice Sajova"
              }
            },
            "Tahiti": {
              "long": {
                "standard": "Tahićansko vrijeme"
              }
            },
            "Taipei": {
              "long": {
                "generic": "Tajpejsko vrijeme",
                "standard": "Standardno tajpejsko vrijeme",
                "daylight": "Tajpejsko ljetno računanje vremena"
              }
            },
            "Tajikistan": {
              "long": {
                "standard": "Tadžikistansko vrijeme"
              }
            },
            "Tokelau": {
              "long": {
                "standard": "Vrijeme na Ostrvu Tokelau"
              }
            },
            "Tonga": {
              "long": {
                "generic": "Tongansko vrijeme",
                "standard": "Standardno tongansko vrijeme",
                "daylight": "Tongansko ljetno računanje vremena"
              }
            },
            "Truk": {
              "long": {
                "standard": "Čučko vrijeme"
              }
            },
            "Turkmenistan": {
              "long": {
                "generic": "Turkmenistansko vrijeme",
                "standard": "Standardno turkmenistansko vrijeme",
                "daylight": "Turkmenistansko ljetno računanje vremena"
              }
            },
            "Tuvalu": {
              "long": {
                "standard": "Tuvaluansko vrijeme"
              }
            },
            "Uruguay": {
              "long": {
                "generic": "Urugvajsko vrijeme",
                "standard": "Standardno urugvajsko vrijeme",
                "daylight": "Urugvajsko ljetno računanje vremena"
              }
            },
            "Uzbekistan": {
              "long": {
                "generic": "Uzbekistansko vrijeme",
                "standard": "Standardno uzbekistansko vrijeme",
                "daylight": "Uzbekistansko ljetno računanje vremena"
              }
            },
            "Vanuatu": {
              "long": {
                "generic": "Vanuatuansko vrijeme",
                "standard": "Standardno vanuatuansko vrijeme",
                "daylight": "Vanuatuansko ljetno računanje vremena"
              }
            },
            "Venezuela": {
              "long": {
                "standard": "Venecuelansko vrijeme"
              }
            },
            "Vladivostok": {
              "long": {
                "generic": "Vladivostočko vrijeme",
                "standard": "Standardno vladivostočko vrijeme",
                "daylight": "Vladivostočko ljetno računanje vremena"
              }
            },
            "Volgograd": {
              "long": {
                "generic": "Volgogradsko vrijeme",
                "standard": "Standardno volgogradsko vrijeme",
                "daylight": "Volgogradsko ljetno računanje vremena"
              }
            },
            "Vostok": {
              "long": {
                "standard": "Vrijeme stanice Vostok"
              }
            },
            "Wake": {
              "long": {
                "standard": "Vrijeme na Ostrvu Vejk"
              }
            },
            "Wallis": {
              "long": {
                "standard": "Vrijeme na Ostrvima Valis i Futuna"
              }
            },
            "Yakutsk": {
              "long": {
                "generic": "Jakutsko vrijeme",
                "standard": "Standardno jakutsko vrijeme",
                "daylight": "Jakutsko ljetno računanje vremena"
              }
            },
            "Yekaterinburg": {
              "long": {
                "generic": "Jekaterinburško vrijeme",
                "standard": "Standardno jekaterinburško vrijeme",
                "daylight": "Jekaterinburško ljetno računanje vremena"
              }
            }
          }
        }
      }
    }
  }
}
